6_investors,Country/Town,"Deals Information, Level of Completeness",Disclosed ,Founded,Total  Disclosed Funding,DA Classification_African Company (Yes = 0; No = 1),Year,Month,Quarter,Half,Number of Investors,main_sector_encoded,funding_round_encoded,cat_Country
First Light Ventures,Kenya,0.9,1.0,2011.0,6504900.0,0.0,2010.0,8.0,3.0,2.0,1.0,1,1,10
Tim Draper,Nigeria,0.9,1.0,2009.0,32700000.0,0.0,2010.0,9.0,3.0,2.0,1.0,1,1,19
Undisclosed,Egypt,0.9,1.0,2009.0,7850000.0,0.0,2010.0,12.0,4.0,2.0,1.0,2,2,5
Omidyar Network,South Africa,0.9,1.0,2008.0,55800000.0,0.0,2011.0,5.0,2.0,1.0,1.0,3,2,23
TBL Mirror Fund,Kenya,0.9,1.0,2004.0,54500000.0,0.0,2011.0,10.0,4.0,2.0,1.0,1,3,10
Undisclosed,Kenya,0.9,1.0,2011.0,6504900.0,0.0,2011.0,11.0,4.0,2.0,1.0,1,1,10
Undisclosed,Kenya,0.9,1.0,2011.0,6504900.0,0.0,2011.0,11.0,4.0,2.0,1.0,1,1,10
Tiger Global Management,Nigeria,0.9,1.0,2010.0,30000000.0,0.0,2011.0,12.0,4.0,2.0,1.0,4,3,19
"Blakeney Management, Rocket Internet, Millicom Systems",Nigeria,0.9,1.0,2012.0,885400000.0,0.0,2012.0,1.0,1.0,1.0,3.0,5,3,19
Kinnevik AB,Nigeria,0.9,1.0,2012.0,79500000.0,0.0,2012.0,1.0,1.0,1.0,1.0,5,1,19
Undisclosed,Egypt,0.9,0.0,2011.0,1500000.0,0.0,2012.0,2.0,1.0,1.0,1.0,5,4,5
"Accion, Omidyar Network",Zambia,0.9,1.0,2009.0,19500000.0,0.0,2012.0,2.0,1.0,1.0,2.0,1,3,29
Mennonite Economic Development Associates,Zambia,0.9,1.0,2009.0,19500000.0,0.0,2012.0,2.0,1.0,1.0,1.0,1,5,29
Better Ventures,Kenya,0.9,1.0,2010.0,8620000.0,0.0,2012.0,4.0,2.0,1.0,1.0,6,1,10
"Omidyar Network, Goodwell Investments, Capricorn Investment Group, Adlevo Capital, Acumen",Nigeria,0.9,1.0,2009.0,32700000.0,0.0,2012.0,6.0,2.0,1.0,5.0,1,3,19
J.P. Morgan Asset Management,South Africa,0.9,0.0,2011.0,23000000.0,0.0,2012.0,9.0,3.0,2.0,1.0,5,3,23
Osman Ahmed Osman,Egypt,0.9,0.0,2012.0,500000.0,0.0,2012.0,10.0,4.0,2.0,1.0,6,4,5
eVentues Africa Fund,South Africa,0.9,1.0,2011.0,5050000.0,0.0,2012.0,10.0,4.0,2.0,1.0,1,3,23
Flat6Labs,Egypt,0.9,1.0,2012.0,510000.0,0.0,2012.0,10.0,4.0,2.0,1.0,5,1,5
Summit Partners,South Africa,0.9,1.0,2011.0,23000000.0,0.0,2012.0,11.0,4.0,2.0,1.0,5,6,23
"Savannah Fund, Opes Impact Fund, Data Collective DCVC",Kenya,0.9,0.0,2012.0,22000000.0,0.0,2013.0,1.0,1.0,1.0,3.0,5,1,10
Jabbar Internet Group,Egypt,0.9,0.0,2012.0,500000.0,0.0,2013.0,1.0,1.0,1.0,1.0,6,3,5
"Millicom Systems, Rocket Internet, MTN Group",Nigeria,0.9,1.0,2012.0,885400000.0,0.0,2013.0,1.0,1.0,1.0,3.0,5,6,19
"Naspers Ventures, Kinnevik AB",Nigeria,0.9,1.0,2012.0,79500000.0,0.0,2013.0,1.0,1.0,1.0,2.0,5,3,19
Spark,Nigeria,0.9,1.0,2013.0,1440000.0,0.0,2013.0,2.0,1.0,1.0,1.0,7,1,19
Savannah Fund,Kenya,0.9,0.0,2011.0,0.0,0.0,2013.0,2.0,1.0,1.0,1.0,3,1,10
Seek,South Africa,0.9,1.0,2012.0,30000000.0,0.0,2013.0,6.0,2.0,1.0,1.0,5,3,23
Tamkeen capital,Egypt,0.9,0.0,2010.0,1000000.0,0.0,2013.0,8.0,3.0,2.0,1.0,5,1,5
Flat6Labs,Egypt,0.9,1.0,2013.0,100000.0,0.0,2013.0,9.0,3.0,2.0,1.0,4,1,5
"Vodafone Ventures, Cairo Angels",Egypt,0.9,1.0,2012.0,2625000.0,0.0,2013.0,9.0,3.0,2.0,2.0,8,1,5
"Javelin Venture Partners,  Accion Venture Lab, Khosla Impact",Kenya,0.9,1.0,2011.0,6504900.0,0.0,2013.0,11.0,4.0,2.0,3.0,1,3,10
"Endure capital, 500 startups",Egypt,0.9,0.0,2009.0,7850000.0,0.0,2013.0,11.0,4.0,2.0,2.0,2,1,5
Savannah Fund,Kenya,0.9,1.0,2011.0,105000.0,0.0,2013.0,11.0,4.0,2.0,1.0,1,1,10
"Flat6Labs, Middle East Venture Partners (MEVP), Georges Harik, Cairo Angels, Amr Awadallah, Ihab Hinnawi",Egypt,0.9,1.0,2013.0,2120000.0,0.0,2013.0,12.0,4.0,2.0,6.0,9,1,5
Undisclosed,Uganda,0.9,1.0,2012.0,11080000.0,0.0,2013.0,12.0,4.0,2.0,1.0,1,4,26
Undisclosed,Angola,0.9,1.0,2013.0,169000.0,0.0,2013.0,12.0,4.0,2.0,1.0,8,1,1
"Tiger Global Management, Kinnevik AB, Rise Capital",Nigeria,0.9,1.0,2010.0,30000000.0,0.0,2013.0,12.0,4.0,2.0,3.0,4,7,19
"Naspers Ventures, Kinnevik AB",Nigeria,0.9,1.0,2012.0,79500000.0,0.0,2014.0,1.0,1.0,1.0,2.0,5,6,19
Undisclosed,Nigeria,0.9,1.0,2013.0,3315000.0,0.0,2014.0,1.0,1.0,1.0,1.0,10,1,19
Anthemis Group,South Africa,0.9,0.0,2014.0,91700000.0,0.0,2014.0,1.0,1.0,1.0,1.0,1,3,23
"Startupbootcamp Smart Transportation & Energy Berlin, Startupbootcamp",Rwanda,0.9,1.0,2014.0,905400.0,0.0,2014.0,2.0,1.0,1.0,2.0,11,1,20
Velocity Capital Private Equity,Kenya,0.9,1.0,2004.0,54500000.0,0.0,2014.0,2.0,1.0,1.0,1.0,1,6,10
Undisclosed,Nigeria,0.9,1.0,2012.0,15800000.0,0.0,2014.0,3.0,1.0,1.0,1.0,1,1,19
Undisclosed,Egypt,0.9,1.0,2014.0,2150000.0,0.0,2014.0,4.0,2.0,1.0,1.0,12,1,5
XSeed Capital,Nigeria,0.9,1.0,2014.0,17138000.0,0.0,2014.0,4.0,2.0,1.0,1.0,1,1,19
Accion Venture Lab,Kenya,0.9,0.0,2012.0,0.0,0.0,2014.0,5.0,2.0,1.0,1.0,1,1,10
Tiger Global Management,South Africa,0.9,1.0,2011.0,169000000.0,0.0,2014.0,5.0,2.0,1.0,1.0,5,8,23
"Future Perfect Ventures, Firestartr, Digital Currency Group",Kenya,0.9,1.0,2013.0,14970000.0,0.0,2014.0,5.0,2.0,1.0,3.0,1,1,10
Undisclosed,Cameroon,0.9,1.0,2013.0,555000.0,0.0,2014.0,6.0,2.0,1.0,1.0,4,1,4
CRE Venture Capital,South Africa,0.9,1.0,2013.0,20100000.0,0.0,2014.0,7.0,3.0,2.0,1.0,1,1,23
"Urban Us, Synergy Growth, Omvestments, Invested Development, Gary Scheft, Cheryl Heller",Kenya,0.9,1.0,2013.0,4200000.0,0.0,2014.0,7.0,3.0,2.0,6.0,8,1,10
Industrial Development Corporation,South Africa,0.9,1.0,2011.0,5050000.0,0.0,2014.0,8.0,3.0,2.0,1.0,1,6,23
Silicon Badia,Egypt,0.8,1.0,2012.0,23500000.0,0.0,2014.0,10.0,4.0,2.0,1.0,12,3,5
Undisclosed,Egypt,0.9,1.0,2014.0,2750000.0,0.0,2014.0,11.0,4.0,2.0,1.0,5,4,5
500 Startups,Kenya,0.9,1.0,2011.0,105000.0,0.0,2014.0,11.0,4.0,2.0,1.0,1,1,10
500 Startups,Egypt,0.9,1.0,2013.0,100000.0,0.0,2014.0,11.0,4.0,2.0,1.0,4,1,5
"Summit Partners, Rocket Internet, Orange, Millicom Systems, MTN Group, Goldman Sachs, CDC Group, AXA Group",Nigeria,0.9,1.0,2012.0,885400000.0,0.0,2014.0,11.0,4.0,2.0,8.0,5,6,19
Cairo Angels,Egypt,0.9,0.0,2012.0,510000.0,0.0,2015.0,1.0,1.0,1.0,1.0,5,1,5
DOB Equity,Kenya,0.9,1.0,2012.0,22000000.0,0.0,2015.0,1.0,1.0,1.0,1.0,5,1,10
Daud Nur,South Africa,0.9,1.0,2015.0,700000.0,0.0,2015.0,1.0,1.0,1.0,1.0,10,1,23
KFW,Kenya,0.9,1.0,1982.0,50000000.0,0.0,2015.0,1.0,1.0,1.0,1.0,1,5,10
"SOSV, Carma Axlr8r",Rwanda,0.9,0.0,2015.0,131000.0,0.0,2015.0,1.0,1.0,1.0,2.0,10,1,20
Undisclosed ,Rwanda,0.9,1.0,2012.0,8100000.0,0.0,2015.0,1.0,1.0,1.0,1.0,13,3,20
Undisclosed,Uganda,0.9,1.0,2012.0,11080000.0,0.0,2015.0,1.0,1.0,1.0,1.0,1,1,26
"Stephens Investment Management, Pantera Capital, Future Perfect Ventures, Digital Currency Group, Colle Capital Partners, Blockchain Capital",Kenya,0.9,1.0,2013.0,14970000.0,0.0,2015.0,2.0,1.0,1.0,6.0,1,1,10
"Savannah Fund, Interswitch, CRE Venture Capital",Nigeria,0.9,1.0,2013.0,3315000.0,0.0,2015.0,2.0,1.0,1.0,3.0,10,1,19
"Rocket Internet, Kinnevik AB",Nigeria,0.9,1.0,2011.0,5000000.0,0.0,2015.0,2.0,1.0,1.0,2.0,5,6,19
"Tencent Holdings, Naspers",South Africa,0.9,0.0,2014.0,0.0,0.0,2015.0,2.0,1.0,1.0,2.0,6,9,23
Lateral Capital,Nigeria,0.9,0.0,2014.0,8000000.0,0.0,2015.0,3.0,1.0,1.0,1.0,4,1,19
Naspers Ventures,Nigeria,0.9,1.0,2012.0,79500000.0,0.0,2015.0,4.0,2.0,1.0,1.0,5,8,19
Seek,South Africa,0.9,1.0,2012.0,30000000.0,0.0,2015.0,4.0,2.0,1.0,1.0,5,10,23
Co-Creation Hub Nigeria,Nigeria,0.9,1.0,2015.0,175000.0,0.0,2015.0,5.0,2.0,1.0,1.0,10,1,19
"Vinny Lingham, Newtown Partners, Africa Angels Network (AAN), Identity Development Fund (IDF)",South Africa,0.9,0.0,2014.0,2700000.0,0.0,2015.0,5.0,2.0,1.0,4.0,8,1,23
Undisclosed,Cameroon,0.9,1.0,2013.0,555000.0,0.0,2015.0,5.0,2.0,1.0,1.0,4,1,4
"GreenHouse Capital, CRE Venture Capital",Nigeria,0.9,1.0,2014.0,425000.0,0.0,2015.0,5.0,2.0,1.0,2.0,5,1,19
Undisclosed,Egypt,0.9,1.0,2014.0,2750000.0,0.0,2015.0,6.0,2.0,1.0,1.0,5,1,5
Yago Arbeloa,Kenya,0.9,1.0,2014.0,10500000.0,0.0,2015.0,6.0,2.0,1.0,1.0,10,11,10
Net1 UEPS Technologies,Nigeria,0.9,1.0,2012.0,15800000.0,0.0,2015.0,6.0,2.0,1.0,1.0,1,5,19
"Daniel van Tonder, Willem van Zyl",South Africa,0.9,1.0,2015.0,6397000.0,0.0,2015.0,8.0,3.0,2.0,2.0,1,12,23
Y Combinator,France,0.9,1.0,2014.0,120000.0,1.0,2015.0,8.0,3.0,2.0,1.0,4,1,7
"Vostok New Ventures, Piton Capital, Endure Capital, 500 Startups",Egypt,0.9,1.0,2009.0,7850000.0,0.0,2015.0,8.0,3.0,2.0,4.0,2,3,5
"Techstars New York City Accelerator, Techstars",Nigeria,0.9,0.0,2015.0,8100000.0,0.0,2015.0,9.0,3.0,2.0,2.0,10,1,19
Infotech Ventures,South Africa,0.9,1.0,2015.0,5770000.0,0.0,2015.0,9.0,3.0,2.0,1.0,10,1,23
Venture Garden Group,Nigeria,0.9,1.0,2016.0,330000.0,0.0,2015.0,9.0,3.0,2.0,1.0,2,1,19
Cross Culture Ventures,Kenya,0.9,0.0,2012.0,3500000.0,0.0,2015.0,9.0,3.0,2.0,1.0,6,1,10
"Right Side Capital Management, Amadeo Brenninkmeijer",Nigeria,0.9,1.0,2015.0,8100000.0,0.0,2015.0,9.0,3.0,2.0,2.0,10,12,19
"Omidyar Network, Goodwell Investments, Capricorn Investment Group, Adlevo Capital",Nigeria,0.9,1.0,2009.0,32700000.0,0.0,2015.0,10.0,4.0,2.0,4.0,1,6,19
"ACE & Company, The Family, Cross Culture Ventures, Orange Digital Ventures",France,0.9,0.0,2014.0,120000.0,1.0,2015.0,10.0,4.0,2.0,4.0,4,13,7
"Accion Venture Lab, Bamboo Finance, Javelin Venture Partners",Kenya,0.9,1.0,2011.0,6504900.0,0.0,2015.0,10.0,4.0,2.0,3.0,1,6,10
Undisclosed,South Africa,0.9,0.0,2011.0,5050000.0,0.0,2015.0,10.0,4.0,2.0,1.0,1,8,23
"Blue Haven Initiative, Lundin Foundation",Kenya,0.9,0.0,2012.0,0.0,0.0,2015.0,10.0,4.0,2.0,2.0,1,3,10
Pfizer Foundation,Kenya,0.9,1.0,2016.0,2975000.0,0.0,2015.0,11.0,4.0,2.0,1.0,1,2,10
Savannah Fund,Kenya,0.9,1.0,2014.0,10500000.0,0.0,2015.0,11.0,4.0,2.0,1.0,10,1,10
"North Base Media, Lateral Capital, J.E. Berman Associates, CRE Venture Capital",Nigeria,0.9,1.0,2014.0,8000000.0,0.0,2015.0,11.0,4.0,2.0,4.0,4,1,19
Undisclosed,Nigeria,0.9,1.0,2014.0,2000000.0,0.0,2015.0,11.0,4.0,2.0,1.0,5,1,19
Q4 Investments (Pty) Ltd,South Africa,0.9,1.0,2015.0,6397000.0,0.0,2015.0,11.0,4.0,2.0,1.0,1,1,23
Pitch@Palace,Ghana,0.9,0.0,2012.0,742000.0,0.0,2015.0,12.0,4.0,2.0,1.0,14,2,8
Undisclosed,South Africa,0.9,1.0,2015.0,400000.0,0.0,2015.0,12.0,4.0,2.0,1.0,5,1,23
"Garage Technology Ventures, Patrick Pichette, Garage Capital",Kenya,0.9,1.0,2014.0,1080000.0,0.0,2015.0,12.0,4.0,2.0,3.0,10,1,10
"Omar Salah, Nader El-Batrawi",Egypt,0.9,1.0,2016.0,1550000.0,0.0,2016.0,1.0,1.0,1.0,2.0,10,1,5
"Yakout Sallam, Mahmoud Barakat",Egypt,0.9,1.0,2017.0,103900.0,0.0,2016.0,1.0,1.0,1.0,2.0,5,1,5
"Jean and Steve Case, Jim Sorenson, TED, MKS Alternative Investments, Synergy Energy ",Kenya,0.9,1.0,2013.0,4200000.0,0.0,2016.0,1.0,1.0,1.0,5.0,8,13,10
"XSeed Capital, Nyca Partners, GreenHouse Capital, First Ally Capital, FinTech Collective",Nigeria,0.9,1.0,2014.0,17138000.0,0.0,2016.0,1.0,1.0,1.0,5.0,1,1,19
Y Combinator,Ghana,0.9,0.0,2016.0,1220000.0,0.0,2016.0,1.0,1.0,1.0,1.0,4,1,8
"Vumela Fund,  Vinny Lingham, Llew Claasen’s Newtown Partners",South Africa,0.9,1.0,2014.0,2700000.0,0.0,2016.0,1.0,1.0,1.0,3.0,8,1,23
"Kinnevik AB, Canal+",Nigeria,0.9,1.0,2010.0,30000000.0,0.0,2016.0,1.0,1.0,1.0,2.0,4,14,19
"Golden Palm Investments Holding Co., Olive Tree Ventures, Social Capital ",Ghana,0.9,1.0,2014.0,25100000.0,0.0,2016.0,1.0,1.0,1.0,3.0,12,1,8
"Amadeus Capital Partners, MTN Group",South Africa,0.9,1.0,1999.0,40000000.0,0.0,2016.0,2.0,1.0,1.0,2.0,15,3,23
Amadeus Capital Partners,South Africa,0.9,1.0,2013.0,2000000.0,0.0,2016.0,2.0,1.0,1.0,1.0,1,1,23
1776 Ventures,Kenya,0.9,1.0,2013.0,40350000.0,0.0,2016.0,2.0,1.0,1.0,1.0,5,11,10
BitFury Capital,Kenya,0.9,1.0,2013.0,14970000.0,0.0,2016.0,2.0,1.0,1.0,1.0,1,13,10
"Middle East venture Partners, vodafone Ventures, Raed VC",Egypt,0.9,1.0,2012.0,2625000.0,0.0,2016.0,3.0,1.0,1.0,3.0,8,1,5
"Rocket Internet, MTN Group, Orange, Goldman Sachs, CDC Group, AXA Group",Nigeria,0.9,1.0,2012.0,885400000.0,0.0,2016.0,3.0,1.0,1.0,6.0,5,8,19
Seedstars,South Africa,0.9,1.0,2015.0,500000.0,0.0,2016.0,3.0,1.0,1.0,1.0,2,1,23
EchoVC Partners,Kenya,0.9,1.0,2012.0,25000.0,0.0,2016.0,3.0,1.0,1.0,1.0,16,1,10
EchoVC Partners,Nigeria,0.9,1.0,2015.0,1000000.0,0.0,2016.0,3.0,1.0,1.0,1.0,4,1,19
Undisclosed,Malawi,0.9,1.0,2015.0,57000.0,0.0,2016.0,3.0,1.0,1.0,1.0,4,4,13
Y Combinator,Egypt,0.9,1.0,2013.0,2120000.0,0.0,2016.0,3.0,1.0,1.0,1.0,9,1,5
Undisclosed,Nigeria,0.9,1.0,2015.0,8100000.0,0.0,2016.0,3.0,1.0,1.0,1.0,10,1,19
Global Inovation Fund (GIF),Uganda,0.9,1.0,2015.0,1327000.0,0.0,2016.0,4.0,2.0,1.0,1.0,10,11,26
Digital Currency Group,South Africa,0.9,1.0,2014.0,685000.0,0.0,2016.0,4.0,2.0,1.0,1.0,17,13,23
Undisclosed,South Africa,0.9,1.0,2015.0,700000.0,0.0,2016.0,4.0,2.0,1.0,1.0,10,1,23
Undisclosed,South Africa,0.9,1.0,2008.0,55800000.0,0.0,2016.0,4.0,2.0,1.0,1.0,3,3,23
Y Combinator,Ghana,0.9,1.0,2016.0,1220000.0,0.0,2016.0,4.0,2.0,1.0,1.0,4,1,8
LeapFrog Investments,South Africa,0.9,0.0,2014.0,91700000.0,0.0,2016.0,5.0,2.0,1.0,1.0,1,9,23
Undisclosed,South Africa,0.9,1.0,2014.0,2500000.0,0.0,2016.0,5.0,2.0,1.0,1.0,6,13,23
Kevin Gaskell,South Africa,0.9,1.0,2016.0,584000.0,0.0,2016.0,5.0,2.0,1.0,1.0,4,1,23
Undisclosed,Tunisia,0.9,0.0,2014.0,4500000.0,0.0,2016.0,5.0,2.0,1.0,1.0,1,1,25
Undisclosed,Rwanda,0.9,1.0,2014.0,905400.0,0.0,2016.0,5.0,2.0,1.0,1.0,11,12,20
Convergence Partners,South Africa,0.9,1.0,2012.0,4000000.0,0.0,2016.0,6.0,2.0,1.0,1.0,6,1,23
Faden Media,Egypt,0.9,1.0,2014.0,2750000.0,0.0,2016.0,6.0,2.0,1.0,1.0,5,1,5
Factor E Ventures,Rwanda,0.9,1.0,2014.0,905400.0,0.0,2016.0,6.0,2.0,1.0,1.0,11,12,20
"Accel, Amr Awadallah, Jim Payne, Sharif El-Badawi",Egypt,0.9,1.0,2013.0,2120000.0,0.0,2016.0,6.0,2.0,1.0,4.0,9,1,5
SpeedUPAfrica,Kenya,0.9,0.0,2015.0,4500000.0,0.0,2016.0,6.0,2.0,1.0,1.0,10,2,10
SpeedUp Africa,Ghana,0.9,0.0,2015.0,464000.0,0.0,2016.0,6.0,2.0,1.0,1.0,3,2,8
Undisclosed,Nigeria,0.9,1.0,2014.0,1200000.0,0.0,2016.0,6.0,2.0,1.0,1.0,1,1,19
SpeedUPAfrica,Rwanda,0.9,0.0,2015.0,131000.0,0.0,2016.0,6.0,2.0,1.0,1.0,10,2,20
"Endure Capital, A15",Egypt,0.9,1.0,2015.0,950000.0,0.0,2016.0,7.0,3.0,2.0,2.0,12,1,5
HAVAIC,South Africa,0.9,0.0,2007.0,0.0,0.0,2016.0,7.0,3.0,2.0,1.0,6,1,23
StartupBootcamp,South Africa,0.9,1.0,2014.0,170000.0,0.0,2016.0,7.0,3.0,2.0,1.0,1,1,23
Kamelizer,Egypt,0.9,0.0,2014.0,500000.0,0.0,2016.0,7.0,3.0,2.0,1.0,3,4,5
Undisclosed,Kenya,0.9,1.0,2015.0,1724700.0,0.0,2016.0,8.0,3.0,2.0,1.0,5,11,10
A15,Egypt,0.9,1.0,2015.0,450000.0,0.0,2016.0,8.0,3.0,2.0,1.0,5,1,5
Undisclosed,South Africa,0.9,1.0,2016.0,177000.0,0.0,2016.0,8.0,3.0,2.0,1.0,10,1,23
Safaricom,Kenya,0.9,0.0,2011.0,0.0,0.0,2016.0,8.0,3.0,2.0,1.0,3,9,10
"International Finance Corporation (IFC), 4Di, Omidyar Network, Quona Capital,  Patrick Pichette",Zambia,0.9,1.0,2009.0,19500000.0,0.0,2016.0,8.0,3.0,2.0,5.0,1,6,29
"Spark, Hotels.ng",Nigeria,0.9,1.0,2015.0,45000.0,0.0,2016.0,8.0,3.0,2.0,2.0,8,1,19
"Zillionize Angel, Y Combinator",Ghana,0.9,0.0,2016.0,1220000.0,0.0,2016.0,8.0,3.0,2.0,2.0,4,1,8
"Susan Kimberlin, Steven Tamm, Safaricom, Cross Culture Ventures, Alpha Angels",Kenya,0.9,0.0,2012.0,3500000.0,0.0,2016.0,8.0,3.0,2.0,5.0,6,1,10
TIA,South Africa,0.9,1.0,2014.0,685000.0,0.0,2016.0,8.0,3.0,2.0,1.0,17,1,23
DOB Equity,Kenya,0.9,0.0,2013.0,40350000.0,0.0,2016.0,8.0,3.0,2.0,1.0,5,9,10
Undisclosed,Egypt,0.9,1.0,2016.0,1550000.0,0.0,2016.0,8.0,3.0,2.0,1.0,10,4,5
"Goodwell Investments,  Omidyar Network, Horizen Ventures, Marcos Vercelli-Forster",South Africa,0.9,1.0,2015.0,5770000.0,0.0,2016.0,8.0,3.0,2.0,4.0,10,1,23
500 Startups,Nigeria,0.9,1.0,2014.0,425000.0,0.0,2016.0,9.0,3.0,2.0,1.0,5,1,19
Undisclosed,Kenya,0.9,1.0,2016.0,150000.0,0.0,2016.0,9.0,3.0,2.0,1.0,12,1,10
Undisclosed,Egypt,0.9,1.0,2016.0,415000.0,0.0,2016.0,9.0,3.0,2.0,1.0,1,1,5
Frontier Digital Ventures,Nigeria,0.9,1.0,2013.0,1440000.0,0.0,2016.0,9.0,3.0,2.0,1.0,7,3,19
 BoostVC,South Africa,0.9,1.0,2015.0,3920000.0,0.0,2016.0,9.0,3.0,2.0,1.0,1,12,23
"OEL Venture Investments, Factor E Ventures, Accion Venture Lab",Kenya,0.9,0.0,2015.0,1600000.0,0.0,2016.0,9.0,3.0,2.0,3.0,14,1,10
The Overseas Private Investment Corporation (OPIC),Kenya,0.9,1.0,2013.0,4100000.0,0.0,2016.0,9.0,3.0,2.0,1.0,6,5,10
"Seedstars, Techstars, Zahra Nasser, George G, The Bill & Melinda Gates Foundation, Financial Sector Deepening Trust",Tanzania,0.9,1.0,2016.0,1250000.0,0.0,2016.0,9.0,3.0,2.0,6.0,1,1,24
"KOSMOS Energy, MEST Africa",Ghana,0.9,1.0,2016.0,50000.0,0.0,2016.0,10.0,4.0,2.0,2.0,14,1,8
"Newid capital, Accion Venture Lab, HALLMANN HOLDING International Investment GmbH",South Africa,0.9,0.0,2014.0,6500000.0,0.0,2016.0,10.0,4.0,2.0,3.0,1,1,23
Undisclosed,Rwanda,0.9,1.0,2015.0,131000.0,0.0,2016.0,10.0,4.0,2.0,1.0,10,1,20
"Bill Paladino, Jacques Ludik, Maude Gliwa",South Africa,0.9,1.0,2015.0,300000.0,0.0,2016.0,10.0,4.0,2.0,3.0,3,4,23
Undisclosed,Kenya,0.9,1.0,2015.0,70000.0,0.0,2016.0,11.0,4.0,2.0,1.0,1,15,10
Undisclosed,Ethiopia,0.9,1.0,2015.0,100000.0,0.0,2016.0,11.0,4.0,2.0,1.0,6,16,6
"Wayra, LocalGlobe, ADV ",Kenya,0.9,1.0,2015.0,6600000.0,0.0,2016.0,11.0,4.0,2.0,3.0,14,1,10
Clifftop Colony Capital Partners,South Africa,0.9,1.0,2008.0,454600.0,0.0,2016.0,11.0,4.0,2.0,1.0,4,1,23
500 Startups,Nigeria,0.9,1.0,2016.0,330000.0,0.0,2016.0,11.0,4.0,2.0,1.0,2,1,19
500 Startups,Nigeria,0.9,1.0,2015.0,270000.0,0.0,2016.0,11.0,4.0,2.0,1.0,1,1,19
Kevin Gaskell,South Africa,0.9,1.0,2016.0,584000.0,0.0,2016.0,11.0,4.0,2.0,1.0,4,13,23
Darshan Chandaria,Kenya,0.9,1.0,2012.0,250000.0,0.0,2016.0,11.0,4.0,2.0,1.0,1,1,10
Undisclosed,South Africa,0.9,1.0,2015.0,6397000.0,0.0,2016.0,12.0,4.0,2.0,1.0,1,3,23
Futuregrowth Asset Management,South Africa,0.9,1.0,2008.0,21500000.0,0.0,2016.0,12.0,4.0,2.0,1.0,15,9,23
AUC Venture Lab,Egypt,0.9,0.0,2015.0,1000000.0,0.0,2016.0,12.0,4.0,2.0,1.0,5,2,5
Undisclosed,Cameroon,0.9,1.0,2017.0,3500.0,0.0,2016.0,12.0,4.0,2.0,1.0,1,1,4
"BECO Capital, Silicon Badia, TDF Capital, Vostok New Ventures",Egypt,0.9,1.0,2012.0,23500000.0,0.0,2016.0,12.0,4.0,2.0,4.0,12,6,5
Engineers Without Borders Canada,Ethiopia,0.9,0.0,2014.0,1000000.0,0.0,2017.0,1.0,1.0,1.0,1.0,14,1,6
Amazon Web Services,Egypt,0.9,1.0,2017.0,103900.0,0.0,2017.0,1.0,1.0,1.0,1.0,5,2,5
Sunray Ventures,Mauritius,0.9,0.0,2017.0,26560000.0,0.0,2017.0,2.0,1.0,1.0,1.0,18,1,15
Undisclosed,Angola,0.9,1.0,2015.0,520000.0,0.0,2017.0,2.0,1.0,1.0,1.0,5,1,1
"500 Startups, ACE & Company",Egypt,0.9,1.0,2010.0,1000000.0,0.0,2017.0,2.0,1.0,1.0,2.0,5,6,5
500 Startups,Nigeria,0.9,1.0,2013.0,162000.0,0.0,2017.0,2.0,1.0,1.0,1.0,4,1,19
Id4 ventures,Ivory Coast,0.9,1.0,2012.0,1069000.0,0.0,2017.0,2.0,1.0,1.0,1.0,5,4,9
Numu Capital,Egypt,0.9,0.0,2016.0,300000.0,0.0,2017.0,3.0,1.0,1.0,1.0,10,1,5
"Mbuyu Capital Partners, Maris Capital, International Finance Corporation (IFC), CDC Group",Kenya,0.9,1.0,2015.0,52000000.0,0.0,2017.0,3.0,1.0,1.0,4.0,7,9,10
Y Combinator,Morocco,0.9,1.0,2014.0,3120000.0,0.0,2017.0,3.0,1.0,1.0,1.0,5,1,16
Y Combinator,Nigeria,0.9,1.0,2015.0,270000.0,0.0,2017.0,3.0,1.0,1.0,1.0,1,1,19
Y Combinator,Nigeria,0.9,1.0,2016.0,5120000.0,0.0,2017.0,3.0,1.0,1.0,1.0,1,1,19
Ion Equity,Kenya,0.9,1.0,2015.0,8000000.0,0.0,2017.0,3.0,1.0,1.0,1.0,12,9,10
Savannah Fund,Nigeria,0.9,1.0,2016.0,8186000.0,0.0,2017.0,3.0,1.0,1.0,1.0,1,1,19
Western Technology Investment,Nigeria,0.9,1.0,2014.0,17138000.0,0.0,2017.0,4.0,2.0,1.0,1.0,1,5,19
CreditInfo,Kenya,0.9,1.0,2016.0,1100000.0,0.0,2017.0,4.0,2.0,1.0,1.0,1,1,10
Undisclosed,Nigeria,0.9,1.0,2016.0,191500.0,0.0,2017.0,4.0,2.0,1.0,1.0,3,2,19
Algebra Ventures,Egypt,0.9,1.0,2011.0,1500000.0,0.0,2017.0,4.0,2.0,1.0,1.0,5,3,5
Naspers,South Africa,0.9,1.0,2011.0,169000000.0,0.0,2017.0,4.0,2.0,1.0,1.0,5,17,23
Discover PreAccelerator,Zambia,0.9,0.0,2017.0,0.0,0.0,2017.0,4.0,2.0,1.0,1.0,6,2,29
"Startupbootcamp, Startupbootcamp InsurTech London
",South Africa,0.9,1.0,2014.0,4667000.0,0.0,2017.0,4.0,2.0,1.0,2.0,19,1,23
GSMA Ecosystem Accelerator,Rwanda,0.9,0.0,2015.0,131000.0,0.0,2017.0,4.0,2.0,1.0,1.0,10,2,20
GSMA Ecosystem Accelerator,Kenya,0.9,0.0,2013.0,40350000.0,0.0,2017.0,4.0,2.0,1.0,1.0,5,2,10
Cairo Angels,Egypt,0.9,0.0,2014.0,500000.0,0.0,2017.0,5.0,2.0,1.0,1.0,3,12,5
"New Enterprise Associates, Balderton Capital Balderton Capital, TPG Growth, EchoVC Partners, Frontier Car Group",Nigeria,0.9,1.0,2016.0,5000000.0,0.0,2017.0,5.0,2.0,1.0,5.0,5,3,19
Algebra Ventures,Egypt,0.9,1.0,2013.0,750000.0,0.0,2017.0,5.0,2.0,1.0,1.0,5,3,5
LoftyInc Capital Management,Nigeria,0.9,1.0,2013.0,162000.0,0.0,2017.0,5.0,2.0,1.0,1.0,4,1,19
Ventures Platform,Nigeria,0.9,1.0,2016.0,620000.0,0.0,2017.0,5.0,2.0,1.0,1.0,14,1,19
"Endeavor, Silicon Badia, Vostok New Ventures, Vulkan Equity",Egypt,0.9,1.0,2012.0,23500000.0,0.0,2017.0,5.0,2.0,1.0,4.0,12,6,5
"Zeno Ventures, Y Combinator, Western Technology Investment, Vy Capital, Social Capital, Picus Capital, Michael Seibel, Lynett Capital, Golden Palm Investments, Gabriel Hammond, Friále, ACE & Company",Nigeria,0.9,1.0,2014.0,5100000.0,0.0,2017.0,5.0,2.0,1.0,12.0,6,1,19
Google Launchpad Accelerator,South Africa,0.9,1.0,2014.0,91700000.0,0.0,2017.0,5.0,2.0,1.0,1.0,1,2,23
Google Launchpad Accelerator,Kenya,0.9,1.0,2013.0,40350000.0,0.0,2017.0,5.0,2.0,1.0,1.0,5,2,10
Undisclosed,Egypt,0.9,1.0,2016.0,255000.0,0.0,2017.0,6.0,2.0,1.0,1.0,15,12,5
Innoventures,Egypt,0.9,1.0,2016.0,7200.0,0.0,2017.0,6.0,2.0,1.0,1.0,4,1,5
"Story Ventures, Soma Capital, Pascal Levy-Garboua, Palm Drive Capital, Neon Capital, Michael Seibel, Lynett Capital, Jude Gomil, Endure Capital, Battery Ventures, Amino Capital, 4DX",Morocco,0.9,1.0,2014.0,3120000.0,0.0,2017.0,6.0,2.0,1.0,12.0,5,1,16
Undisclosed,Kenya,0.9,0.0,2015.0,0.0,0.0,2017.0,6.0,2.0,1.0,1.0,1,1,10
Undisclosed,Nigeria,0.9,0.0,2017.0,0.0,0.0,2017.0,6.0,2.0,1.0,1.0,16,2,19
Spring Accelerator,Kenya,0.9,0.0,2010.0,0.0,0.0,2017.0,6.0,2.0,1.0,1.0,1,2,10
"United States African Development Foundation, Spring Accelerator, Levi Strauss & Co., Citi Foundation",Kenya,0.9,1.0,2015.0,250000.0,0.0,2017.0,6.0,2.0,1.0,4.0,1,2,10
Orange,Egypt,0.9,1.0,2016.0,7200.0,0.0,2017.0,6.0,2.0,1.0,1.0,4,2,5
Careem,Egypt,0.9,1.0,2017.0,80500000.0,0.0,2017.0,6.0,2.0,1.0,1.0,10,1,5
King and Bay West,South Africa,0.9,1.0,2015.0,3500000.0,0.0,2017.0,6.0,2.0,1.0,1.0,19,1,23
"Goodwell Investments, Bombardier",South Africa,0.9,1.0,2015.0,5770000.0,0.0,2017.0,6.0,2.0,1.0,2.0,10,1,23
CDC Gestion,Tunisia,0.9,1.0,2015.0,600000.0,0.0,2017.0,6.0,2.0,1.0,1.0,4,1,25
"Will Sternlicht, Soma Capital, Social Capital, M & Y Growth Partners, Kima Ventures, Josh Buckley, Frances Xavier Helgesen, Comcast Ventures",Ghana,0.9,1.0,2016.0,1220000.0,0.0,2017.0,6.0,2.0,1.0,8.0,4,1,8
500 Startups,Egypt,0.9,1.0,2012.0,510000.0,0.0,2017.0,7.0,3.0,2.0,1.0,5,1,5
Eric Nadalin,Nigeria,0.9,0.0,2016.0,5120000.0,0.0,2017.0,7.0,3.0,2.0,1.0,1,1,19
Cairo Angels,Egypt,0.9,0.0,2016.0,300000.0,0.0,2017.0,7.0,3.0,2.0,1.0,10,1,5
Undisclosed,South Africa,0.9,1.0,2015.0,2700000.0,0.0,2017.0,7.0,3.0,2.0,1.0,12,1,23
Undisclosed,South Africa,0.9,1.0,2015.0,2700000.0,0.0,2017.0,7.0,3.0,2.0,1.0,12,2,23
U.S. Agency for International Development (USAID),Kenya,0.9,1.0,2013.0,40350000.0,0.0,2017.0,7.0,3.0,2.0,1.0,5,2,10
"Omidyar Network,  1776 Ventures, Wamda Capital, DOB Equity,  Blue Haven Initiative",Kenya,0.9,1.0,2013.0,40350000.0,0.0,2017.0,7.0,3.0,2.0,5.0,5,3,10
Jacobs Foundation,Ghana,0.9,1.0,2015.0,464000.0,0.0,2017.0,7.0,3.0,2.0,1.0,3,1,8
Katapult Accelerator,Kenya,0.9,1.0,2015.0,1724700.0,0.0,2017.0,7.0,3.0,2.0,1.0,5,12,10
500 Startups,Egypt,0.9,1.0,2015.0,450000.0,0.0,2017.0,8.0,3.0,2.0,1.0,5,1,5
Right Side Capital Management,Nigeria,0.9,1.0,2016.0,2450000.0,0.0,2017.0,8.0,3.0,2.0,1.0,1,12,19
"4Di Capital, Savannah Fund",South Africa,0.9,1.0,2014.0,4667000.0,0.0,2017.0,8.0,3.0,2.0,2.0,19,1,23
Jacobs Foundation,Ghana,0.9,1.0,2015.0,464000.0,0.0,2017.0,8.0,3.0,2.0,1.0,3,1,8
Katapult Accelerator,Kenya,0.9,1.0,2015.0,1724700.0,0.0,2017.0,8.0,3.0,2.0,1.0,5,12,10
Y Combinator ,Nigeria,0.9,1.0,2017.0,120000.0,0.0,2017.0,8.0,3.0,2.0,1.0,5,1,19
500 Startups,South Africa,0.9,1.0,2014.0,170000.0,0.0,2017.0,8.0,3.0,2.0,1.0,1,1,23
Undisclosed,South Africa,0.9,1.0,2016.0,1380000.0,0.0,2017.0,8.0,3.0,2.0,1.0,5,13,23
"Publicis Groupe, Faden Media",Egypt,0.9,1.0,2014.0,2750000.0,0.0,2017.0,8.0,3.0,2.0,2.0,5,1,5
"Kalon Venture Partners, Smollan",South Africa,0.9,1.0,2015.0,1000000.0,0.0,2017.0,8.0,3.0,2.0,2.0,5,13,23
Bpifrance,Uganda,0.9,1.0,2017.0,255000.0,0.0,2017.0,8.0,3.0,2.0,1.0,1,2,26
Greycroft partners & Plug and play,Kenya,0.9,1.0,2013.0,14970000.0,0.0,2017.0,8.0,3.0,2.0,1.0,1,3,10
"Yale University, Merck and Equilateral Ventures",United States of America,0.9,1.0,2016.0,672000.0,1.0,2017.0,8.0,3.0,2.0,2.0,19,2,28
Lireas Holdings,South Africa,0.9,1.0,2017.0,400000.0,0.0,2017.0,9.0,3.0,2.0,1.0,1,1,23
Arabian Venture Capital,Egypt,0.9,1.0,2016.0,415000.0,0.0,2017.0,9.0,3.0,2.0,1.0,1,1,5
"University Ventures, Zephyr Acorn, Spike Ventures, Bodley Group",Kenya,0.9,1.0,2016.0,3000000.0,0.0,2017.0,9.0,3.0,2.0,4.0,2,1,10
Shinnecok Partners LP,Kenya,0.9,1.0,2015.0,1500000.0,0.0,2017.0,9.0,3.0,2.0,1.0,1,5,10
Undisclosed,Kenya,0.9,1.0,2017.0,995000.0,0.0,2017.0,10.0,4.0,2.0,1.0,5,1,10
Darshan Chandaria,Kenya,0.9,1.0,2016.0,73000.0,0.0,2017.0,10.0,4.0,2.0,1.0,15,1,10
"Chandaria Capital, Majlis Investment Management",Kenya,0.9,1.0,2016.0,250000.0,0.0,2017.0,10.0,4.0,2.0,2.0,4,1,10
Chandaria Industries,Kenya,0.9,0.0,2015.0,4500000.0,0.0,2017.0,10.0,4.0,2.0,1.0,10,17,10
TechCrunch Startup Battlefield,Kenya,0.9,1.0,2016.0,14895000.0,0.0,2017.0,10.0,4.0,2.0,1.0,10,2,10
"Y Combinator, 500 Startups, Zeno Ventures, Vy Capital, Unis Venture Fund",Nigeria,0.9,0.0,2015.0,270000.0,0.0,2017.0,10.0,4.0,2.0,5.0,1,1,19
"Kalon Venture Partners, BoostVC, Techstars, PowerHouse",South Africa,0.9,1.0,2015.0,3920000.0,0.0,2017.0,10.0,4.0,2.0,4.0,1,1,23
Glenheim Venture Capital Company,South Africa,0.9,1.0,2015.0,499000.0,0.0,2017.0,10.0,4.0,2.0,1.0,3,1,23
SOSV,Rwanda,0.9,0.0,2015.0,131000.0,0.0,2017.0,10.0,4.0,2.0,1.0,10,1,20
Startupbootcamp,Egypt,0.9,1.0,2016.0,417000.0,0.0,2017.0,10.0,4.0,2.0,1.0,10,1,5
"Yellowwood Partners, Hollard",South Africa,0.9,1.0,2016.0,3600000.0,0.0,2017.0,10.0,4.0,2.0,2.0,1,18,23
"Resolute Ventures, Social Capital, Locke Mountain Ventures, HOF Capital, Catalyst Fund, 500 Startups",Uganda,0.9,1.0,2016.0,1500000.0,0.0,2017.0,11.0,4.0,2.0,6.0,1,1,26
Undisclosed,South Africa,0.9,1.0,2018.0,58000.0,0.0,2017.0,11.0,4.0,2.0,1.0,2,1,23
Finnfund (Finnish Fund for Industrial Cooperation Ltd.),South Africa,0.9,1.0,2014.0,91700000.0,0.0,2017.0,11.0,4.0,2.0,1.0,1,5,23
Trend Forward Capital,Egypt,0.9,0.0,2013.0,2120000.0,0.0,2017.0,11.0,4.0,2.0,1.0,9,13,5
The MasterCard Foundation,South Africa,0.9,1.0,2014.0,91700000.0,0.0,2017.0,11.0,4.0,2.0,1.0,1,2,23
Singularity Investments,Nigeria,0.9,1.0,2014.0,8000000.0,0.0,2017.0,11.0,4.0,2.0,1.0,4,1,19
"500 Startups, Vodafone Ventures, Algebra Ventures",Egypt,0.9,1.0,2012.0,2625000.0,0.0,2017.0,11.0,4.0,2.0,3.0,8,3,5
DOB Equity,Kenya,0.9,1.0,2014.0,10500000.0,0.0,2017.0,11.0,4.0,2.0,1.0,10,3,10
Kalon Venture Partners,South Africa,0.9,1.0,2014.0,710000.0,0.0,2017.0,11.0,4.0,2.0,1.0,1,1,23
Google Launchpad Accelerator,South Africa,0.9,1.0,2014.0,4667000.0,0.0,2017.0,11.0,4.0,2.0,1.0,19,2,23
Google Launchpad Accelerator,Nigeria,0.9,1.0,2012.0,15800000.0,0.0,2017.0,11.0,4.0,2.0,1.0,1,2,19
Undisclosed,Nigeria,0.9,1.0,2018.0,5000.0,0.0,2017.0,11.0,4.0,2.0,1.0,5,12,19
KFW DEG,Mauritius,0.9,0.0,2017.0,26560000.0,0.0,2017.0,12.0,4.0,2.0,1.0,18,1,15
Undisclosed,Cameroon,0.9,0.0,2017.0,3500.0,0.0,2017.0,12.0,4.0,2.0,1.0,1,1,4
Undisclosed,Egypt,0.9,1.0,2016.0,300000.0,0.0,2017.0,12.0,4.0,2.0,1.0,10,1,5
Tony Elumelu Foundation,Nigeria,0.9,1.0,2016.0,15700.0,0.0,2017.0,12.0,4.0,2.0,1.0,6,2,19
OikiCredit,South Africa,0.9,1.0,2013.0,4700000.0,0.0,2017.0,12.0,4.0,2.0,1.0,3,5,23
VC4A,Egypt,0.9,1.0,2016.0,7200.0,0.0,2017.0,12.0,4.0,2.0,1.0,4,2,5
Undisclosed,Egypt,0.9,1.0,2017.0,400000.0,0.0,2017.0,12.0,4.0,2.0,1.0,10,1,5
"Emaar, Kauffman Fellows, Dubai Angel Investors",Egypt,0.9,1.0,2016.0,2000000.0,0.0,2017.0,12.0,4.0,2.0,3.0,5,1,5
Wilco,Uganda,0.9,1.0,2017.0,255000.0,0.0,2017.0,12.0,4.0,2.0,1.0,1,5,26
Techstars,Uganda,0.9,1.0,2017.0,255000.0,0.0,2017.0,12.0,4.0,2.0,1.0,1,12,26
Undisclosed,South Africa,0.9,1.0,2015.0,343800.0,0.0,2017.0,12.0,4.0,2.0,1.0,7,1,23
Undisclosed,South Africa,0.9,1.0,2015.0,343800.0,0.0,2017.0,12.0,4.0,2.0,1.0,7,1,23
"Tyler Scriven,Techstars Atlanta in partnership with Cox Enterprises,Techstars,Social Capital, Michael Cohn, Josephine Group, Hallett Capital, FC Agro Allied SPV, Cox Enterprises, Christof Walter",Nigeria,0.9,1.0,2016.0,2450000.0,0.0,2017.0,12.0,4.0,2.0,10.0,1,1,19
HIMangel,Egypt,0.9,0.0,2017.0,0.0,0.0,2017.0,12.0,4.0,2.0,1.0,12,1,5
HIMangel,Egypt,0.9,0.0,2016.0,0.0,0.0,2017.0,12.0,4.0,2.0,1.0,7,1,5
Clifftop Colony Capital Partners,South Africa,0.9,1.0,2008.0,454600.0,0.0,2017.0,12.0,4.0,2.0,1.0,4,1,23
Undisclosed,Egypt,0.9,1.0,2016.0,50000.0,0.0,2017.0,12.0,4.0,2.0,1.0,6,1,5
Undisclosed,Egypt,0.9,1.0,2015.0,9000.0,0.0,2017.0,12.0,4.0,2.0,1.0,5,2,5
"4DX Ventures, Breyer Capital, Social Capital, Golden Palm Investments Holding Co., Shravin Bharti Mittal, ",Ghana,0.9,1.0,2014.0,25100000.0,0.0,2017.0,12.0,4.0,2.0,6.0,12,3,8
Battery Road Digital Holdings,Egypt,0.9,1.0,2017.0,6909000.0,0.0,2017.0,12.0,4.0,2.0,1.0,10,1,5
"Novastar Ventures, Steel Africa, Safaricom, Mercy Corps",Kenya,0.8,1.0,2017.0,3895000.0,0.0,2017.0,12.0,4.0,2.0,4.0,8,1,10
TheVentureCity,Angola,0.9,0.0,2013.0,169000.0,0.0,2018.0,1.0,1.0,1.0,1.0,8,1,1
A15,Egypt,0.9,0.0,2018.0,0.0,0.0,2018.0,1.0,1.0,1.0,1.0,1,1,5
Undisclosed,Morocco,0.9,1.0,2018.0,300000.0,0.0,2018.0,1.0,1.0,1.0,1.0,6,1,16
"Endure Capital, 500 Startups, Flat5Labs, Khaled Alashmouny, Karim Hussein, Con O'Donnell",Egypt,0.9,1.0,2017.0,325000.0,0.0,2018.0,1.0,1.0,1.0,6.0,19,1,5
Undisclosed,Botswana,0.9,1.0,2017.0,75000.0,0.0,2018.0,1.0,1.0,1.0,1.0,5,1,3
IDF Capital SA,South Africa,0.9,1.0,2014.0,70000.0,0.0,2018.0,1.0,1.0,1.0,1.0,5,1,23
EFG-EG,Egypt,0.9,1.0,2018.0,285000.0,0.0,2018.0,1.0,1.0,1.0,1.0,1,1,5
Undisclosed,Egypt,0.9,1.0,2018.0,30000.0,0.0,2018.0,1.0,1.0,1.0,1.0,6,1,5
Undisclosed,Egypt,0.9,1.0,2013.0,18000.0,0.0,2018.0,1.0,1.0,1.0,1.0,10,1,5
Undisclosed,Uganda,0.9,1.0,2015.0,1327000.0,0.0,2018.0,1.0,1.0,1.0,1.0,10,3,26
AfricInvest,Morocco,0.9,1.0,2006.0,1700000.0,0.0,2018.0,1.0,1.0,1.0,1.0,4,3,16
Y Combinator,South Africa,0.9,1.0,2017.0,120000.0,0.0,2018.0,1.0,1.0,1.0,1.0,10,1,23
FJ Labs,Kenya,0.9,1.0,2016.0,14895000.0,0.0,2018.0,1.0,1.0,1.0,1.0,10,1,10
Consonance Investment Managers ,Nigeria,0.9,1.0,2016.0,1300000.0,0.0,2018.0,1.0,1.0,1.0,1.0,3,3,19
Co-Creation Hub Nigeria,Nigeria,0.9,0.0,2016.0,0.0,0.0,2018.0,1.0,1.0,1.0,1.0,8,1,19
Undisclosed,South Africa,0.9,1.0,2018.0,35000.0,0.0,2018.0,1.0,1.0,1.0,1.0,8,4,23
"500 Startups, Endure Capital, Averroes Ventures, Egypt Ventures, Ahmed Abdelhamid",Egypt,0.9,1.0,2014.0,2150000.0,0.0,2018.0,1.0,1.0,1.0,5.0,12,1,5
Saviu Ventures,Ivory Coast,0.9,1.0,2018.0,697000.0,0.0,2018.0,1.0,1.0,1.0,1.0,10,12,9
Quona Capital,South Africa,0.9,1.0,2016.0,100000.0,0.0,2018.0,1.0,1.0,1.0,1.0,14,2,23
HIMAngel,Egypt,0.9,0.0,2013.0,0.0,0.0,2018.0,1.0,1.0,1.0,1.0,5,1,5
Foresight Ventures Kenya,Kenya,0.9,0.0,2017.0,0.0,0.0,2018.0,1.0,1.0,1.0,1.0,4,1,10
Ka'resh Eswar,Mauritius,0.9,1.0,2017.0,170000.0,0.0,2018.0,1.0,1.0,1.0,1.0,19,1,15
Public Investment Corporation,South Africa,0.9,0.0,2015.0,0.0,0.0,2018.0,1.0,1.0,1.0,1.0,1,1,23
nChain,South Africa,0.9,0.0,2017.0,1300000.0,0.0,2018.0,1.0,1.0,1.0,1.0,1,1,23
"Virgin Group, Smollan",South Africa,0.9,0.0,2007.0,0.0,0.0,2018.0,1.0,1.0,1.0,2.0,6,3,23
Undisclosed,Kenya,0.9,1.0,2013.0,2000000.0,0.0,2018.0,1.0,1.0,1.0,1.0,10,3,10
"Asia Africa Investment & Consulting, The Danone Communities Mutual Fund, Stone Family Foundation, Segal Family Foundation, NRD Capital Management, Maclellan Foundation, Conrad N. Hilton Foundation",Rwanda,0.9,1.0,2012.0,8100000.0,0.0,2018.0,2.0,1.0,1.0,7.0,13,6,20
Futuristic.vc,Kenya,0.9,0.0,2015.0,1724700.0,0.0,2018.0,2.0,1.0,1.0,1.0,5,1,10
Knife Capital,South Africa,0.9,0.0,2017.0,0.0,0.0,2018.0,2.0,1.0,1.0,1.0,5,3,23
Compass Venture Capital,Mauritius,0.9,1.0,2017.0,284000.0,0.0,2018.0,2.0,1.0,1.0,1.0,1,1,15
Undisclosed,South Africa,0.9,1.0,2015.0,700000.0,0.0,2018.0,2.0,1.0,1.0,1.0,10,1,23
Ahmed Habib,Egypt,0.9,1.0,2017.0,103900.0,0.0,2018.0,2.0,1.0,1.0,1.0,5,4,5
Undisclosed,South Africa,0.9,1.0,2018.0,58000.0,0.0,2018.0,2.0,1.0,1.0,1.0,2,1,23
Alphawave group,South Africa,0.9,0.0,2017.0,0.0,0.0,2018.0,2.0,1.0,1.0,1.0,6,1,23
U.S. Embassy Ethiopia,Ethiopia,0.9,1.0,2012.0,200000.0,0.0,2018.0,2.0,1.0,1.0,1.0,19,2,6
"DOB Equity, CFAO GROUP",Kenya,0.9,1.0,2014.0,10500000.0,0.0,2018.0,2.0,1.0,1.0,2.0,10,19,10
"Katapult Accelerator, TRK Group, Danish Business Angels, Jesper Drescher",Kenya,0.9,1.0,2015.0,1724700.0,0.0,2018.0,2.0,1.0,1.0,4.0,5,3,10
"EchoVC Partners, Co-Creation Hub Nigeria, Fola Laoye",Nigeria,0.9,1.0,2015.0,262033.0,0.0,2018.0,2.0,1.0,1.0,3.0,12,1,19
Jonathan Evrard,Mauritius,0.9,1.0,2017.0,170000.0,0.0,2018.0,2.0,1.0,1.0,1.0,19,1,15
GSMA Ecosystem Accelerator,Kenya,0.9,0.0,2017.0,3895000.0,0.0,2018.0,2.0,1.0,1.0,1.0,8,2,10
GSMA Ecosystem Accelerator,Uganda,0.9,1.0,2014.0,350000.0,0.0,2018.0,2.0,1.0,1.0,1.0,1,2,26
GSMA Ecosystem Accelerator,Nigeria,0.9,1.0,2016.0,2450000.0,0.0,2018.0,2.0,1.0,1.0,1.0,1,2,19
GSMA Ecosystem Accelerator,Senegal,0.9,1.0,2016.0,340000.0,0.0,2018.0,2.0,1.0,1.0,1.0,1,2,21
GSMA Ecosystem Accelerator,Zambia,0.9,1.0,2016.0,266000.0,0.0,2018.0,2.0,1.0,1.0,1.0,10,1,29
Undisclosed,Kenya,0.9,1.0,2017.0,15000.0,0.0,2018.0,2.0,1.0,1.0,1.0,12,1,10
GSMA Ecosystem Accelerator,Nigeria,0.9,1.0,2014.0,620000.0,0.0,2018.0,2.0,1.0,1.0,1.0,3,2,19
AUC Venture Lab,Egypt,0.9,0.0,2016.0,0.0,0.0,2018.0,2.0,1.0,1.0,1.0,6,1,5
Undisclosed,South Africa,0.9,0.0,2015.0,0.0,0.0,2018.0,3.0,1.0,1.0,1.0,5,1,23
Id4 ventures,Ivory Coast,0.9,1.0,2012.0,1069000.0,0.0,2018.0,3.0,1.0,1.0,1.0,5,1,9
Getihu,South Africa,0.9,1.0,2016.0,180000.0,0.0,2018.0,3.0,1.0,1.0,1.0,6,1,23
Manal Al Alem,Egypt,0.9,1.0,2014.0,2750000.0,0.0,2018.0,3.0,1.0,1.0,1.0,5,1,5
"True Ventures, Norrsken Foundation, Niklas Zennström, Matt Mullenweg, LocalGlobe, Bryan Meehan, ADV",Kenya,0.9,1.0,2015.0,6600000.0,0.0,2018.0,3.0,1.0,1.0,7.0,14,1,10
EchoVC Partners,Nigeria,0.9,0.0,2016.0,0.0,0.0,2018.0,3.0,1.0,1.0,1.0,7,1,19
Merck Accelerator ,Nigeria,0.9,1.0,2015.0,262033.0,0.0,2018.0,3.0,1.0,1.0,1.0,12,2,19
Yomi Martins ,Nigeria,0.9,1.0,2016.0,50000.0,0.0,2018.0,3.0,1.0,1.0,1.0,2,1,19
Ford Foundation,Nigeria,0.9,1.0,2017.0,30000.0,0.0,2018.0,3.0,1.0,1.0,1.0,6,2,19
Ford Foundation,Nigeria,0.9,1.0,2017.0,20000.0,0.0,2018.0,3.0,1.0,1.0,1.0,5,2,19
Knife Capital,South Africa,0.9,0.0,2013.0,0.0,0.0,2018.0,3.0,1.0,1.0,1.0,6,1,23
AngelHub Ventures,South Africa,0.9,1.0,2006.0,300000.0,0.0,2018.0,3.0,1.0,1.0,1.0,6,3,23
Undisclosed,Egypt,0.9,1.0,2017.0,6909000.0,0.0,2018.0,3.0,1.0,1.0,1.0,10,1,5
Undisclosed,Tunisia,0.9,1.0,2016.0,60000.0,0.0,2018.0,3.0,1.0,1.0,1.0,10,1,25
Adventure Capital,Nigeria,0.9,1.0,2017.0,12507300.0,0.0,2018.0,3.0,1.0,1.0,1.0,10,1,19
TLcom Capital Partners ,Nigeria,0.9,1.0,2009.0,5000000.0,0.0,2018.0,3.0,1.0,1.0,1.0,4,3,19
Undisclosed,Cameroon,0.9,1.0,2017.0,35000.0,0.0,2018.0,3.0,1.0,1.0,1.0,12,1,4
Villgro Kenya,Kenya,0.9,1.0,2016.0,10000.0,0.0,2018.0,4.0,2.0,1.0,1.0,12,2,10
"Proparco, The MasterCard Foundation, FinnFund",South Africa,0.9,1.0,2014.0,91700000.0,0.0,2018.0,4.0,2.0,1.0,3.0,1,3,23
"North Base Media, LC Partners, Spice Fund, Zephyr Acorn, CRE Ventures, Singularity Investments, Spice Capital / OTEO Investment, Outlierz Ventures",Nigeria,0.9,1.0,2014.0,8000000.0,0.0,2018.0,4.0,2.0,1.0,8.0,4,3,19
Lateral Capital,Nigeria,0.9,0.0,2008.0,0.0,0.0,2018.0,4.0,2.0,1.0,1.0,1,1,19
HAVAIC,South Africa,0.9,1.0,2013.0,70000.0,0.0,2018.0,4.0,2.0,1.0,1.0,12,1,23
Seedstars,Ghana,0.9,1.0,2016.0,1150000.0,0.0,2018.0,4.0,2.0,1.0,1.0,14,1,8
Seedstars,Nigeria,0.9,1.0,2016.0,191500.0,0.0,2018.0,4.0,2.0,1.0,1.0,3,2,19
DFS Lab,South Africa,0.9,1.0,2016.0,200000.0,0.0,2018.0,4.0,2.0,1.0,1.0,1,1,23
DFS Lab,Kenya,0.9,1.0,2015.0,250000.0,0.0,2018.0,4.0,2.0,1.0,1.0,1,1,10
DFS Lab,Tanzania,0.9,1.0,2017.0,420000.0,0.0,2018.0,4.0,2.0,1.0,1.0,1,1,24
Amazon Web Services,South Africa,0.9,1.0,2016.0,12000.0,0.0,2018.0,4.0,2.0,1.0,1.0,5,2,23
"Vumela Fund, Omidyar Network, Forever Young Capital, Catapult Trust",South Africa,0.9,0.0,2015.0,500000.0,0.0,2018.0,4.0,2.0,1.0,4.0,2,3,23
PeaceTech Accelerator,Kenya,0.9,0.0,2015.0,0.0,0.0,2018.0,4.0,2.0,1.0,1.0,10,1,10
"TLcom Capital Partners, Cross Culture Ventures, Alpha Angels, Social Capital, Safaricom, Kapor Capital, Golden Palm Investments",Kenya,0.9,1.0,2012.0,3500000.0,0.0,2018.0,4.0,2.0,1.0,7.0,6,3,10
"500 Startups, Endure Capital, HIMangel",Egypt,0.9,1.0,2015.0,950000.0,0.0,2018.0,4.0,2.0,1.0,3.0,12,1,5
"500 Startups, Endure Capital, HIMangel",Egypt,0.9,1.0,2015.0,950000.0,0.0,2018.0,4.0,2.0,1.0,3.0,12,1,5
Undisclosed,Morocco,0.9,1.0,2014.0,217000.0,0.0,2018.0,4.0,2.0,1.0,1.0,10,1,16
"BECO Capital, DiGame, Silicon Badia, Careem",Egypt,0.9,1.0,2017.0,80500000.0,0.0,2018.0,4.0,2.0,1.0,4.0,10,3,5
Zeroth,Kenya,0.9,0.0,2017.0,250000.0,0.0,2018.0,4.0,2.0,1.0,1.0,19,1,10
Knife Capital ,South Africa,0.9,0.0,2016.0,0.0,0.0,2018.0,4.0,2.0,1.0,1.0,3,3,23
"Mercure International, French Partners, Investisseurs & Partenaires (I&P)",Mauritius,0.9,1.0,2015.0,3100000.0,0.0,2018.0,4.0,2.0,1.0,3.0,5,3,15
"International Finance Corporation, Orange Digital Ventures, Social Capital ",Kenya,0.9,1.0,2010.0,8620000.0,0.0,2018.0,4.0,2.0,1.0,3.0,6,3,10
Partech Partners,Nigeria,0.9,1.0,2015.0,3000000.0,0.0,2018.0,4.0,2.0,1.0,1.0,20,3,19
Overseas Private Investment Corporation,Kenya,0.9,1.0,2011.0,5000000.0,0.0,2018.0,4.0,2.0,1.0,1.0,11,5,10
Consonance Investment Managers ,Kenya,0.9,1.0,2014.0,1000000.0,0.0,2018.0,4.0,2.0,1.0,1.0,10,3,10
500 startups,Egypt,0.9,1.0,2017.0,150000.0,0.0,2018.0,4.0,2.0,1.0,1.0,16,1,5
VilCap Investments,Nigeria,0.9,1.0,2016.0,1150000.0,0.0,2018.0,4.0,2.0,1.0,1.0,1,1,19
EchoVC Partners,Nigeria,0.9,0.0,2006.0,0.0,0.0,2018.0,4.0,2.0,1.0,1.0,5,1,19
Factor E Ventures,Rwanda,0.9,1.0,2014.0,905400.0,0.0,2018.0,4.0,2.0,1.0,1.0,11,1,20
Hazem Shisha,Egypt,0.9,1.0,2018.0,100000.0,0.0,2018.0,4.0,2.0,1.0,1.0,4,1,5
"Algebra Ventures, 500 Startups",Egypt,0.9,1.0,2015.0,1000000.0,0.0,2018.0,4.0,2.0,1.0,2.0,5,3,5
Undisclosed,Egypt,0.9,1.0,2014.0,2150000.0,0.0,2018.0,5.0,2.0,1.0,1.0,12,5,5
Nestle,Egypt,0.9,1.0,2015.0,450000.0,0.0,2018.0,5.0,2.0,1.0,1.0,5,2,5
Undisclosed,Egypt,0.9,1.0,2018.0,60000.0,0.0,2018.0,5.0,2.0,1.0,1.0,10,1,5
Injini,South Africa,0.9,1.0,2017.0,70000.0,0.0,2018.0,5.0,2.0,1.0,1.0,3,1,23
Co-Creation Hub Nigeria,Nigeria,0.9,1.0,2017.0,60000.0,0.0,2018.0,5.0,2.0,1.0,1.0,7,1,19
"European Bank for Reconstruction and Development, Kingsway Capital, Endure Capital",Egypt,0.9,1.0,2009.0,7850000.0,0.0,2018.0,5.0,2.0,1.0,3.0,2,6,5
Lateral Capital,Nigeria,0.9,1.0,2017.0,1440000.0,0.0,2018.0,5.0,2.0,1.0,1.0,12,1,19
Start-Up Chile,Ghana,0.9,1.0,2018.0,40000.0,0.0,2018.0,5.0,2.0,1.0,1.0,1,1,8
Oikocredit International,Rwanda,0.9,1.0,2012.0,1200000.0,0.0,2018.0,5.0,2.0,1.0,1.0,18,11,20
"CRE Venture Capital, Draper Dark Flow, Identity Partners",South Africa,0.9,0.0,2014.0,2700000.0,0.0,2018.0,5.0,2.0,1.0,3.0,8,3,23
"Sanari Capital, ASISA ESD Fund, 4Di Capital",South Africa,0.9,1.0,2015.0,1030000.0,0.0,2018.0,5.0,2.0,1.0,3.0,19,6,23
Iowa AgriTech Accelerator,Nigeria,0.9,1.0,2016.0,40000.0,0.0,2018.0,5.0,2.0,1.0,1.0,14,1,19
Co-Creation Hub Nigeria,Nigeria,0.9,1.0,2017.0,60000.0,0.0,2018.0,5.0,2.0,1.0,1.0,7,1,19
Co-Creation Hub Nigeria,Sierra Leone,0.9,1.0,2014.0,25000.0,0.0,2018.0,5.0,2.0,1.0,1.0,19,1,22
Genesys Tech Hub,Nigeria,0.9,1.0,2017.0,20000.0,0.0,2018.0,5.0,2.0,1.0,1.0,5,1,19
"The Rise fund, Satya Capital, Endeavor Catalyst, Velocity Capital, Progression Africa.",Kenya,0.9,1.0,2004.0,54500000.0,0.0,2018.0,5.0,2.0,1.0,5.0,1,8,10
Positrust LLC,Kenya,0.9,1.0,2018.0,25000.0,0.0,2018.0,5.0,2.0,1.0,1.0,6,1,10
Undisclosed,Mauritius,0.9,1.0,2010.0,1700000.0,0.0,2018.0,5.0,2.0,1.0,1.0,15,3,15
Expo Live,Kenya,0.9,1.0,2015.0,100000.0,0.0,2018.0,5.0,2.0,1.0,1.0,14,2,10
Flat6Labs,Egypt,0.9,1.0,2016.0,28000.0,0.0,2018.0,5.0,2.0,1.0,1.0,4,1,5
Flat6Labs,Egypt,0.9,1.0,2018.0,28000.0,0.0,2018.0,5.0,2.0,1.0,1.0,5,1,5
Flat6Labs,Egypt,1.0,1.0,2017.0,28000.0,0.0,2018.0,5.0,2.0,1.0,1.0,1,1,5
Flat6Labs,Egypt,0.9,1.0,2017.0,28000.0,0.0,2018.0,5.0,2.0,1.0,1.0,8,1,5
Flat6Labs,Egypt,0.9,1.0,2017.0,28000.0,0.0,2018.0,5.0,2.0,1.0,1.0,12,1,5
Flat6Labs,Egypt,0.9,1.0,2018.0,28000.0,0.0,2018.0,5.0,2.0,1.0,1.0,12,1,5
Flat6Labs,Egypt,0.9,1.0,2018.0,28000.0,0.0,2018.0,5.0,2.0,1.0,1.0,5,1,5
Flat6Labs,Egypt,0.9,1.0,2017.0,28000.0,0.0,2018.0,5.0,2.0,1.0,1.0,5,1,5
Flat6Labs,Egypt,0.9,1.0,2018.0,28000.0,0.0,2018.0,5.0,2.0,1.0,1.0,10,1,5
Flat6Labs,Egypt,0.9,1.0,2017.0,28000.0,0.0,2018.0,5.0,2.0,1.0,1.0,10,1,5
DHD Holding,Mozambique,0.9,0.0,2015.0,0.0,0.0,2018.0,5.0,2.0,1.0,1.0,5,1,17
"Clipperton, Soeximex, Pole Innovation Metiers",Ivory Coast,0.9,1.0,2018.0,1138350.0,0.0,2018.0,5.0,2.0,1.0,3.0,21,1,9
"Omidyar Network, Tekton Ventures, Newid capital, Bamboo Capital Partners, Alitheia Capital, Accion Venture Lab",Nigeria,0.9,1.0,2016.0,8186000.0,0.0,2018.0,5.0,2.0,1.0,6.0,1,3,19
CFAO Automotive,Mali,0.9,1.0,2018.0,700000.0,0.0,2018.0,5.0,2.0,1.0,1.0,10,1,14
"Mohamed ben Saleh Ba Wazier, Salem ben Saleh Ba Wazier",Egypt,0.9,1.0,2013.0,300000.0,0.0,2018.0,5.0,2.0,1.0,2.0,6,1,5
Connecticut's Global Venture Challenge,Nigeria,0.9,1.0,2015.0,150000.0,0.0,2018.0,5.0,2.0,1.0,1.0,1,2,19
Bill & Melinda Gates Foundation,Ghana,0.9,1.0,2016.0,100000.0,0.0,2018.0,5.0,2.0,1.0,1.0,5,2,8
HIMAngel,Egypt,0.9,0.0,2016.0,0.0,0.0,2018.0,5.0,2.0,1.0,1.0,14,1,5
HAVAIC,South Africa,0.9,1.0,2017.0,160000.0,0.0,2018.0,5.0,2.0,1.0,1.0,6,1,23
Helhjärtad Finans AB,Egypt,0.9,1.0,2016.0,1200000.0,0.0,2018.0,5.0,2.0,1.0,1.0,5,1,5
Diamond Bank,Nigeria,0.9,1.0,2016.0,13900.0,0.0,2018.0,5.0,2.0,1.0,1.0,19,2,19
"LeadPath Nigeria, Village Capital, Ventures Platform",Nigeria,0.9,1.0,2016.0,1150000.0,0.0,2018.0,5.0,2.0,1.0,3.0,1,1,19
Outlierz Ventures,Morocco,0.9,0.0,2014.0,3120000.0,0.0,2018.0,6.0,2.0,1.0,1.0,5,1,16
Outlierz Ventures,Egypt,0.9,0.0,2018.0,0.0,0.0,2018.0,6.0,2.0,1.0,1.0,5,1,5
Katapult Accelerator,United States of America,0.9,1.0,2016.0,672000.0,1.0,2018.0,6.0,2.0,1.0,1.0,19,1,28
Undisclosed,Kenya,0.9,1.0,2017.0,995000.0,0.0,2018.0,6.0,2.0,1.0,1.0,5,1,10
Undisclosed,Senegal,0.9,1.0,2015.0,120000.0,0.0,2018.0,6.0,2.0,1.0,1.0,5,12,21
Undisclosed,Nigeria,0.9,1.0,2018.0,10000.0,0.0,2018.0,6.0,2.0,1.0,1.0,8,2,19
White Rhino Ventures,Kenya,0.9,0.0,2017.0,0.0,0.0,2018.0,6.0,2.0,1.0,1.0,1,1,10
Pangea Accelerator,Kenya,0.9,1.0,2017.0,100000.0,0.0,2018.0,6.0,2.0,1.0,1.0,20,1,10
Pangea Accelerator,Kenya,0.9,1.0,2016.0,100000.0,0.0,2018.0,6.0,2.0,1.0,1.0,4,1,10
Pangea Accelerator,Kenya,0.9,1.0,2016.0,100000.0,0.0,2018.0,6.0,2.0,1.0,1.0,4,1,10
Pangea Accelerator,Kenya,0.9,1.0,2017.0,50000.0,0.0,2018.0,6.0,2.0,1.0,1.0,8,1,10
Techstars,Nigeria,0.9,1.0,2016.0,1280000.0,0.0,2018.0,6.0,2.0,1.0,1.0,12,1,19
Undisclosed,Kenya,0.9,1.0,2016.0,3000000.0,0.0,2018.0,6.0,2.0,1.0,1.0,10,3,10
Ground Squirrel Ventures,Zambia,0.9,0.0,2016.0,266000.0,0.0,2018.0,6.0,2.0,1.0,1.0,10,1,29
"Lireas Holdings, 4Di Capital, Accion Venture Lab",South Africa,0.9,0.0,2014.0,0.0,0.0,2018.0,6.0,2.0,1.0,3.0,6,1,23
SunFunder,Kenya,0.9,1.0,2011.0,1200000.0,0.0,2018.0,6.0,2.0,1.0,1.0,7,5,10
Microtraction,Nigeria,0.9,1.0,2017.0,185000.0,0.0,2018.0,6.0,2.0,1.0,1.0,1,1,19
Royal Academy of Engineering,Uganda,0.9,1.0,2013.0,33000.0,0.0,2018.0,6.0,2.0,1.0,1.0,12,2,26
Undisclosed,South Africa,0.9,0.0,2016.0,0.0,0.0,2018.0,6.0,2.0,1.0,1.0,7,3,23
Arzan Venture Capital,Egypt,0.9,0.0,2016.0,0.0,0.0,2018.0,6.0,2.0,1.0,1.0,6,1,5
"Oxfam’s Enterprise Development Programme, Novastar Ventures",Ethiopia,0.9,1.0,2014.0,1000000.0,0.0,2018.0,6.0,2.0,1.0,2.0,14,3,6
MEST Africa,Nigeria,0.9,1.0,2015.0,75000.0,0.0,2018.0,6.0,2.0,1.0,1.0,1,1,19
Villgro Kenya,Uganda,0.9,0.0,2016.0,20000.0,0.0,2018.0,6.0,2.0,1.0,1.0,1,1,26
Undisclosed,Morocco,0.9,0.0,2017.0,0.0,0.0,2018.0,6.0,2.0,1.0,1.0,10,1,16
Villgro Kenya,Uganda,0.9,0.0,2017.0,0.0,0.0,2018.0,6.0,2.0,1.0,1.0,12,1,26
Microtraction,Nigeria,0.9,1.0,2017.0,1235000.0,0.0,2018.0,6.0,2.0,1.0,1.0,1,1,19
The Noella Tinubu Foundation,Nigeria,0.9,1.0,2016.0,13903.0,0.0,2018.0,6.0,2.0,1.0,1.0,10,2,19
"Western Technology Investment,Africa Future Limited",Nigeria,0.9,1.0,2017.0,37320000.0,0.0,2018.0,6.0,2.0,1.0,2.0,10,1,19
Ground Squirrel Ventures,Zambia,0.9,0.0,2016.0,0.0,0.0,2018.0,6.0,2.0,1.0,1.0,1,1,29
Ground Squirrel Ventures,Zambia,0.9,0.0,2017.0,0.0,0.0,2018.0,6.0,2.0,1.0,1.0,6,1,29
Y Combinator,Nigeria,0.9,1.0,2017.0,37320000.0,0.0,2018.0,6.0,2.0,1.0,1.0,10,12,19
TDB,Uganda,0.9,1.0,2017.0,25000.0,0.0,2018.0,6.0,2.0,1.0,1.0,22,2,26
Pangea Accelerator,Kenya,0.9,1.0,2015.0,20000.0,0.0,2018.0,6.0,2.0,1.0,1.0,6,1,10
Undisclosed,South Africa,0.9,1.0,2018.0,58000.0,0.0,2018.0,7.0,3.0,2.0,1.0,2,1,23
Undisclosed,Nigeria,0.9,1.0,2018.0,5000.0,0.0,2018.0,7.0,3.0,2.0,1.0,22,1,19
"TLcom Capital Partners, International Finance Corporation",Kenya,0.9,1.0,2013.0,40350000.0,0.0,2018.0,7.0,3.0,2.0,2.0,5,13,10
"Anders Holch Povlsen, Omidyar Network, ",South Africa,0.9,1.0,2008.0,55800000.0,0.0,2018.0,7.0,3.0,2.0,3.0,3,6,23
GreenTec Capital Partners,Kenya,0.9,0.0,2017.0,0.0,0.0,2018.0,7.0,3.0,2.0,1.0,1,1,10
Undisclosed,Nigeria,0.9,1.0,2018.0,560000.0,0.0,2018.0,7.0,3.0,2.0,1.0,10,12,19
Undisclosed,Kenya,0.9,1.0,2017.0,450000.0,0.0,2018.0,7.0,3.0,2.0,1.0,1,1,10
Undisclosed,Egypt,0.9,1.0,2015.0,100000.0,0.0,2018.0,7.0,3.0,2.0,1.0,6,1,5
Danish International Development Agency,Ethiopia,0.9,1.0,2016.0,1100000.0,0.0,2018.0,7.0,3.0,2.0,1.0,14,2,6
"FMO, Rabobank Foundation",Kenya,0.9,1.0,2015.0,1600000.0,0.0,2018.0,7.0,3.0,2.0,2.0,14,5,10
Gray Matters Capital,Ghana,0.9,1.0,2017.0,250000.0,0.0,2018.0,7.0,3.0,2.0,1.0,12,3,8
Injini,Nigeria,0.9,1.0,2015.0,165000.0,0.0,2018.0,7.0,3.0,2.0,1.0,3,1,19
Injini,Kenya,0.9,1.0,2012.0,40000.0,0.0,2018.0,7.0,3.0,2.0,1.0,3,1,10
Injini,Ethiopia,0.9,1.0,2017.0,40000.0,0.0,2018.0,7.0,3.0,2.0,1.0,3,1,6
Injini,South Africa,0.9,1.0,2015.0,40000.0,0.0,2018.0,7.0,3.0,2.0,1.0,3,1,23
"Nedbank, AgFunder",South Africa,0.9,1.0,2014.0,4667000.0,0.0,2018.0,7.0,3.0,2.0,2.0,19,3,23
Injini,Nigeria,0.9,1.0,2018.0,50000.0,0.0,2018.0,7.0,3.0,2.0,1.0,5,1,19
Injini,South Africa,0.9,1.0,0.0,40000.0,0.0,2018.0,7.0,3.0,2.0,1.0,3,1,23
Startupbootcamp,Nigeria,0.9,1.0,2017.0,192000.0,0.0,2018.0,7.0,3.0,2.0,1.0,1,1,19
Startupbootcamp,Ghana,0.9,1.0,2016.0,17000.0,0.0,2018.0,7.0,3.0,2.0,1.0,6,1,8
Startupbootcamp,South Africa,0.9,1.0,2017.0,17000.0,0.0,2018.0,7.0,3.0,2.0,1.0,1,1,23
Startupbootcamp,Nigeria,0.9,1.0,2017.0,17000.0,0.0,2018.0,7.0,3.0,2.0,1.0,1,1,19
Startupbootcamp,South Africa,0.9,1.0,2017.0,17000.0,0.0,2018.0,7.0,3.0,2.0,1.0,6,1,23
Startupbootcamp,Ivory Coast,0.9,1.0,2016.0,17000.0,0.0,2018.0,7.0,3.0,2.0,1.0,1,1,9
Startupbootcamp,Nigeria,0.9,1.0,2017.0,1617000.0,0.0,2018.0,7.0,3.0,2.0,1.0,1,1,19
Startupbootcamp,Kenya,0.9,1.0,2016.0,117000.0,0.0,2018.0,7.0,3.0,2.0,1.0,6,1,10
Startupbootcamp,South Africa,0.9,1.0,2017.0,17000.0,0.0,2018.0,7.0,3.0,2.0,1.0,1,1,23
Undisclosed,Angola,0.9,1.0,2015.0,520000.0,0.0,2018.0,7.0,3.0,2.0,1.0,5,1,1
Goonery Investment Group,South Africa,0.9,1.0,2016.0,91400.0,0.0,2018.0,7.0,3.0,2.0,1.0,6,4,23
"Beta. Ventures, Collins Onuegbu, Sam Senbanjo",Nigeria,0.9,0.0,2017.0,0.0,0.0,2018.0,7.0,3.0,2.0,3.0,6,1,19
Techstars,Uganda,0.9,1.0,2015.0,1510000.0,0.0,2018.0,7.0,3.0,2.0,1.0,12,1,26
Damien Guermonprez,Ivory Coast,0.9,1.0,2018.0,128900.0,0.0,2018.0,7.0,3.0,2.0,1.0,1,12,9
Aeternity Ventures,Kenya,0.9,1.0,2017.0,250000.0,0.0,2018.0,7.0,3.0,2.0,1.0,19,1,10
Department for International Development (DFID),Rwanda,0.9,1.0,2014.0,905400.0,0.0,2018.0,7.0,3.0,2.0,1.0,11,2,20
"EDF, Energy Access Ventures, Partners Group",Kenya,0.9,0.0,2012.0,0.0,0.0,2018.0,7.0,3.0,2.0,3.0,14,17,10
AHL Venture Partners,Kenya,0.9,1.0,2016.0,657000.0,0.0,2018.0,7.0,3.0,2.0,1.0,1,1,10
"4DX Ventures, Village Global, Lynett Capital, Golden, Palm Investments, Outlierz Ventures",Kenya,0.9,1.0,2015.0,4500000.0,0.0,2018.0,7.0,3.0,2.0,6.0,10,1,10
VISA Everywhere Initiative,Kenya,0.9,1.0,2015.0,50000.0,0.0,2018.0,7.0,3.0,2.0,1.0,1,2,10
Visa Everywhere Initiative,Nigeria,0.9,1.0,2017.0,192000.0,0.0,2018.0,7.0,3.0,2.0,1.0,1,2,19
Undisclosed,South Africa,0.9,1.0,2016.0,177000.0,0.0,2018.0,7.0,3.0,2.0,1.0,10,1,23
Undisclosed,Algeria,0.9,1.0,2017.0,1700000.0,0.0,2018.0,7.0,3.0,2.0,1.0,10,1,0
OPIC - Overseas Private Investment Corporation,Uganda,0.9,1.0,2012.0,11080000.0,0.0,2018.0,7.0,3.0,2.0,1.0,1,5,26
Injini,Nigeria,0.9,1.0,2016.0,140000.0,0.0,2018.0,7.0,3.0,2.0,1.0,3,1,19
Injini,Nigeria,0.9,1.0,2016.0,40000.0,0.0,2018.0,7.0,3.0,2.0,1.0,3,1,19
Injini,Nigeria,0.9,1.0,2018.0,40000.0,0.0,2018.0,7.0,3.0,2.0,1.0,6,1,19
Visa Everywhere Initiative,Nigeria,0.9,1.0,2017.0,25000.0,0.0,2018.0,7.0,3.0,2.0,1.0,1,2,19
"All On, Co-Creation Hub Nigeria",Nigeria,0.9,1.0,2018.0,10000.0,0.0,2018.0,7.0,3.0,2.0,2.0,18,12,19
Undisclosed,Angola,0.9,0.0,2015.0,520000.0,0.0,2018.0,8.0,3.0,2.0,1.0,5,3,1
"EDF, Energy Access Ventures, Partners Group",Kenya,0.9,0.0,2012.0,0.0,0.0,2018.0,8.0,3.0,2.0,3.0,14,17,10
Cairo Angels,Egypt,0.9,1.0,2012.0,510000.0,0.0,2018.0,8.0,3.0,2.0,1.0,5,1,5
Undisclosed,Kenya,0.9,1.0,2018.0,200000.0,0.0,2018.0,8.0,3.0,2.0,1.0,5,1,10
Undisclosed,Egypt,0.9,1.0,2016.0,255000.0,0.0,2018.0,8.0,3.0,2.0,1.0,15,12,5
Undisclosed,Uganda,0.9,1.0,2017.0,10000.0,0.0,2018.0,8.0,3.0,2.0,1.0,5,1,26
Co-Creation Hub Nigeria,Nigeria,0.9,1.0,2017.0,5000.0,0.0,2018.0,8.0,3.0,2.0,1.0,7,1,19
Co-Creation Hub Nigeria,Nigeria,0.9,1.0,2016.0,5000.0,0.0,2018.0,8.0,3.0,2.0,1.0,6,1,19
Undisclosed,Nigeria,0.9,1.0,2010.0,556.0,0.0,2018.0,8.0,3.0,2.0,1.0,7,1,19
"Proparco, Investisseurs & Partenaires (I&P)",South Africa,0.9,1.0,2013.0,4700000.0,0.0,2018.0,8.0,3.0,2.0,2.0,3,3,23
Startupbootcamp,Kenya,0.9,1.0,2016.0,17500.0,0.0,2018.0,8.0,3.0,2.0,1.0,6,12,10
Undisclosed,Cameroon,0.9,0.0,2016.0,0.0,0.0,2018.0,8.0,3.0,2.0,1.0,12,3,4
Undisclosed ,Uganda,0.9,1.0,2012.0,200000.0,0.0,2018.0,8.0,3.0,2.0,1.0,12,1,26
Airband Grant Fund,Kenya,0.9,0.0,2016.0,0.0,0.0,2018.0,8.0,3.0,2.0,1.0,14,2,10
Consonance Investment Managers ,Kenya,0.9,1.0,2016.0,550000.0,0.0,2018.0,8.0,3.0,2.0,1.0,1,1,10
"Seedstars, Zahra Nasser, GSMA, Patrick Munis",Tanzania,0.9,1.0,2016.0,1250000.0,0.0,2018.0,8.0,3.0,2.0,4.0,1,3,24
500 Startups,Egypt,0.9,0.0,2018.0,0.0,0.0,2018.0,8.0,3.0,2.0,1.0,1,5,5
"The Rise Fund, Velocity Capital Private Equity, First Ally Capital, Nyca Partners, Singularity Investments, Trans Sahara Investment Corporation, Western Technology Investment, X/Seed Capital Partners",Nigeria,0.9,1.0,2014.0,17138000.0,0.0,2018.0,8.0,3.0,2.0,8.0,1,3,19
Undisclosed,Nigeria,0.9,1.0,2018.0,1000.0,0.0,2018.0,8.0,3.0,2.0,1.0,1,1,19
Leapfrog Ventures,Rwanda,0.9,1.0,2014.0,50000.0,0.0,2018.0,8.0,3.0,2.0,1.0,1,1,20
Startupbootcamp,South Africa,0.9,1.0,2016.0,91400.0,0.0,2018.0,8.0,3.0,2.0,1.0,6,1,23
SAB Foundation,South Africa,0.9,1.0,2017.0,65000.0,0.0,2018.0,8.0,3.0,2.0,1.0,14,2,23
 Flat6Labs Cairo,Egypt,0.9,1.0,2017.0,20000.0,0.0,2018.0,8.0,3.0,2.0,1.0,6,1,5
Undisclosed,Egypt,0.9,1.0,2017.0,5500.0,0.0,2018.0,8.0,3.0,2.0,1.0,6,1,5
Microtraction,Nigeria,0.9,1.0,2016.0,165000.0,0.0,2018.0,8.0,3.0,2.0,1.0,1,1,19
Microtraction,Nigeria,0.9,1.0,2017.0,15000.0,0.0,2018.0,8.0,3.0,2.0,1.0,3,1,19
Y Combinator,Nigeria,0.9,1.0,2017.0,1235000.0,0.0,2018.0,8.0,3.0,2.0,1.0,1,1,19
Y Combinator,Nigeria,0.9,1.0,2017.0,185000.0,0.0,2018.0,8.0,3.0,2.0,1.0,1,1,19
Y Combinator,South Africa,0.9,1.0,2016.0,3220000.0,0.0,2018.0,8.0,3.0,2.0,1.0,6,1,23
FinLab,Uganda,0.9,0.0,2015.0,0.0,0.0,2018.0,8.0,3.0,2.0,1.0,1,1,26
FMO,Kenya,0.9,1.0,2014.0,450000.0,0.0,2018.0,8.0,3.0,2.0,1.0,1,2,10
"Microtraction, Ventures Platform",Nigeria,0.9,1.0,2018.0,210000.0,0.0,2018.0,8.0,3.0,2.0,2.0,1,1,19
Undisclosed,Nigeria,0.9,0.0,2017.0,0.0,0.0,2018.0,8.0,3.0,2.0,1.0,11,6,19
Rise Capital,Nigeria,0.9,1.0,2014.0,620000.0,0.0,2018.0,8.0,3.0,2.0,1.0,3,3,19
Leapfrog Ventures Japan,Kenya,0.9,1.0,2017.0,100000.0,0.0,2018.0,8.0,3.0,2.0,1.0,20,1,10
Google Launchpad Accelerator,Nigeria,0.9,1.0,2018.0,210000.0,0.0,2018.0,8.0,3.0,2.0,1.0,1,12,19
"Stripe, Y Combinator, Tencent Holdings, Visa",Nigeria,0.9,1.0,2015.0,11625000.0,0.0,2018.0,8.0,3.0,2.0,4.0,1,3,19
Overseas Private Investment Corporation,Kenya,0.9,1.0,2013.0,40350000.0,0.0,2018.0,8.0,3.0,2.0,1.0,5,5,10
Consonance Investment Managers ,United Kingdom,0.8,1.0,2005.0,1200000.0,1.0,2018.0,8.0,3.0,2.0,1.0,14,3,27
Leapfrog Ventures Japan,Uganda,0.9,1.0,2014.0,100000.0,0.0,2018.0,8.0,3.0,2.0,1.0,1,12,26
Leapfrog Ventures Japan,Uganda,0.9,1.0,2017.0,40000.0,0.0,2018.0,8.0,3.0,2.0,1.0,1,1,26
"Massachusetts Institute of Technology Legatum Centre,  Mastercard Foundation",Kenya,0.9,1.0,2016.0,657000.0,0.0,2018.0,8.0,3.0,2.0,2.0,1,2,10
"Massachusetts Institute of Technology Legatum Centre, Mastercard Foundation",Nigeria,0.9,1.0,2015.0,30000.0,0.0,2018.0,8.0,3.0,2.0,2.0,18,2,19
Undisclosed,Uganda,0.9,1.0,2015.0,1510000.0,0.0,2018.0,8.0,3.0,2.0,1.0,12,1,26
MEST Africa,Ghana,0.9,1.0,2018.0,100000.0,0.0,2018.0,8.0,3.0,2.0,1.0,1,1,8
Undisclosed,Nigeria,0.9,1.0,2018.0,15000.0,0.0,2018.0,8.0,3.0,2.0,1.0,1,1,19
Undisclosed,Egypt,0.9,0.0,2013.0,18000.0,0.0,2018.0,9.0,3.0,2.0,1.0,10,1,5
Undisclosed,Nigeria,0.9,1.0,2018.0,50000.0,0.0,2018.0,9.0,3.0,2.0,1.0,1,12,19
Falak Startups,Egypt,0.9,1.0,2018.0,28000.0,0.0,2018.0,9.0,3.0,2.0,1.0,12,1,5
FbStart,Nigeria,0.9,1.0,2018.0,5000.0,0.0,2018.0,9.0,3.0,2.0,1.0,6,12,19
Ground Squirrel Ventures,Zambia,0.9,0.0,2015.0,0.0,0.0,2018.0,9.0,3.0,2.0,1.0,1,1,29
"Leapfrog Ventures, Monex Ventures, ANRI",Kenya,0.9,1.0,2015.0,720000.0,0.0,2018.0,9.0,3.0,2.0,3.0,6,1,10
"Wamda Capital, KISP Ventures, Raed Ventures",Egypt,0.9,0.0,2011.0,0.0,0.0,2018.0,9.0,3.0,2.0,3.0,5,3,5
CFC Stanbic,Kenya,0.9,1.0,2017.0,238000.0,0.0,2018.0,9.0,3.0,2.0,1.0,10,5,10
Ventures Platform,Nigeria,0.9,1.0,2016.0,1280000.0,0.0,2018.0,9.0,3.0,2.0,1.0,12,1,19
"Cairo Angels, Alex Angels",Egypt,0.9,0.0,2012.0,0.0,0.0,2018.0,9.0,3.0,2.0,2.0,7,1,5
"4DX Ventures, Y Combinator, Western Technology Investment, Social Capital, Lynett Capital, Golden Palm Investments",Nigeria,0.9,1.0,2014.0,5100000.0,0.0,2018.0,9.0,3.0,2.0,6.0,6,3,19
Ecobank Fintech Challenge,Tanzania,0.9,1.0,2017.0,420000.0,0.0,2018.0,9.0,3.0,2.0,1.0,1,1,24
HIMangel,Egypt,0.9,0.0,2018.0,0.0,0.0,2018.0,9.0,3.0,2.0,1.0,14,4,5
"Partech Partners, Orange Digital Ventures, Dutch Development Bank, Futuregrowth Asset Management, Quona Capital, Velocity Capital Private Equity",South Africa,0.9,1.0,2013.0,20100000.0,0.0,2018.0,9.0,3.0,2.0,6.0,1,6,23
"Global Innovation Fund, Unreasonable Capital, Goodwell Investments, Adlevo Capital, Omidyar Network",Nigeria,0.9,1.0,2009.0,32700000.0,0.0,2018.0,9.0,3.0,2.0,5.0,1,6,19
Undisclosed,Nigeria,0.9,1.0,2018.0,2000.0,0.0,2018.0,9.0,3.0,2.0,1.0,4,12,19
Tachyon by Consensys Ventures,Egypt,0.9,1.0,2017.0,325000.0,0.0,2018.0,9.0,3.0,2.0,1.0,19,1,5
LGT group,Kenya,0.9,1.0,2012.0,22000000.0,0.0,2018.0,9.0,3.0,2.0,1.0,5,9,10
Undisclosed,Egypt,0.9,1.0,2018.0,100000.0,0.0,2018.0,9.0,3.0,2.0,1.0,10,1,5
Compagnie d’Assurance et de Réassurance Tuniso-Européenne (Carte),Tunisia,0.9,1.0,2016.0,167000.0,0.0,2018.0,9.0,3.0,2.0,1.0,1,1,25
Katapult Accelerator,Kenya,0.9,1.0,2009.0,150000.0,0.0,2018.0,9.0,3.0,2.0,1.0,1,1,10
Katapult Accelerator,Tunisia,0.9,1.0,2017.0,150000.0,0.0,2018.0,9.0,3.0,2.0,1.0,6,1,25
Katapult Accelerator,Egypt,0.9,1.0,2016.0,150000.0,0.0,2018.0,9.0,3.0,2.0,1.0,3,1,5
Snap,South Africa,0.9,1.0,2017.0,150000.0,0.0,2018.0,9.0,3.0,2.0,1.0,4,1,23
Axa Insurance Morocco,Morocco,0.9,0.0,2014.0,0.0,0.0,2018.0,9.0,3.0,2.0,1.0,12,1,16
MEST Africa,Ghana,0.9,1.0,2018.0,100000.0,0.0,2018.0,9.0,3.0,2.0,1.0,6,1,8
MEST Africa,Ghana,0.9,1.0,2018.0,100000.0,0.0,2018.0,9.0,3.0,2.0,1.0,1,1,8
MEST Africa,Ghana,0.9,1.0,2017.0,100000.0,0.0,2018.0,9.0,3.0,2.0,1.0,2,1,8
MEST Africa,Nigeria,0.9,1.0,2018.0,100000.0,0.0,2018.0,9.0,3.0,2.0,1.0,8,1,19
MEST Africa,Ghana,0.9,1.0,2018.0,100000.0,0.0,2018.0,9.0,3.0,2.0,1.0,10,1,8
MEST Africa,Ghana,0.9,1.0,2018.0,102700.0,0.0,2018.0,9.0,3.0,2.0,1.0,10,1,8
Wennovation Hub,Nigeria,0.9,1.0,2018.0,3700.0,0.0,2018.0,9.0,3.0,2.0,1.0,14,12,19
Wennovation Hub,Nigeria,0.9,1.0,2017.0,2790.0,0.0,2018.0,9.0,3.0,2.0,1.0,14,12,19
Techstars,South Africa,0.9,1.0,2018.0,18000.0,0.0,2018.0,9.0,3.0,2.0,1.0,19,1,23
"Blue Garnet Investments, Investec, Crossfin",South Africa,0.9,0.0,2016.0,0.0,0.0,2018.0,9.0,3.0,2.0,3.0,19,3,23
"HIMangel, EdVentures",Egypt,0.9,0.0,2015.0,0.0,0.0,2018.0,9.0,3.0,2.0,2.0,3,1,5
Undisclosed,Ethiopia,0.9,1.0,2015.0,65000.0,0.0,2018.0,9.0,3.0,2.0,1.0,1,1,6
Capsa Capital Partners,Tunisia,0.9,1.0,2014.0,1600000.0,0.0,2018.0,9.0,3.0,2.0,1.0,23,3,25
"Goldman Sachs, Proparco, Finnfund, Vostok Emerging Finance, Gemcorp Capital, LeapFrog Investments.",South Africa,0.9,1.0,2014.0,91700000.0,0.0,2018.0,9.0,3.0,2.0,6.0,1,6,23
"STV, Silicon Badia, BECO Capital, Vostock New Ventures, Crescent Enterprise Venture Capital",Egypt,0.9,1.0,2012.0,23500000.0,0.0,2018.0,9.0,3.0,2.0,5.0,12,8,5
Farfetch,Nigeria,0.9,1.0,2014.0,35000.0,0.0,2018.0,9.0,3.0,2.0,1.0,5,1,19
VFlock,Egypt,0.9,1.0,2018.0,48000.0,0.0,2018.0,9.0,3.0,2.0,1.0,6,1,5
SPHINX Capital,Nigeria,0.9,1.0,2018.0,250000.0,0.0,2018.0,9.0,3.0,2.0,1.0,6,12,19
Benson Ajabor,Nigeria,0.9,1.0,2018.0,4200.0,0.0,2018.0,9.0,3.0,2.0,1.0,4,1,19
Undisclosed,Rwanda,0.9,1.0,2017.0,550000.0,0.0,2018.0,9.0,3.0,2.0,1.0,1,1,20
Consonance Investment Managers ,Nigeria,0.9,1.0,2005.0,500000.0,0.0,2018.0,9.0,3.0,2.0,1.0,6,1,19
"Cairo Angels, 500 Startups",Egypt,0.9,1.0,2016.0,417000.0,0.0,2018.0,9.0,3.0,2.0,2.0,10,1,5
Undisclosed,South Africa,0.9,1.0,2016.0,3220000.0,0.0,2018.0,9.0,3.0,2.0,1.0,6,3,23
Ground Squirrel Ventures,Madagascar,0.9,0.0,2018.0,0.0,0.0,2018.0,10.0,4.0,2.0,1.0,10,1,12
"Precursor Ventures, CRE Venture Capital, Pipeline Angels, Metis Investments, Christopher Isaacs",South Africa,0.9,1.0,2014.0,980000.0,0.0,2018.0,10.0,4.0,2.0,5.0,15,1,23
"UGFS, Intilaq",Tunisia,0.9,1.0,2016.0,408000.0,0.0,2018.0,10.0,4.0,2.0,2.0,5,1,25
Saviu Ventures,Kenya,0.8,1.0,2018.0,200000.0,0.0,2018.0,10.0,4.0,2.0,1.0,12,1,10
Savour Ventures,Egypt,0.9,1.0,2016.0,100000.0,0.0,2018.0,10.0,4.0,2.0,1.0,5,1,5
Algebra Ventures,Egypt,0.9,1.0,2016.0,600000.0,0.0,2018.0,10.0,4.0,2.0,1.0,4,3,5
Undisclosed,Egypt,0.9,0.0,2015.0,0.0,0.0,2018.0,10.0,4.0,2.0,1.0,8,1,5
PeaceTech Accelerator,Ghana,0.9,0.0,2018.0,0.0,0.0,2018.0,10.0,4.0,2.0,1.0,10,1,8
Undisclosed,South Africa,0.9,1.0,2015.0,700000.0,0.0,2018.0,10.0,4.0,2.0,1.0,10,1,23
UN Women,Uganda,0.9,1.0,2015.0,1510000.0,0.0,2018.0,10.0,4.0,2.0,1.0,12,2,26
Newtown Partners,South Africa,0.9,1.0,2015.0,1000000.0,0.0,2018.0,10.0,4.0,2.0,1.0,4,1,23
Microtraction,Nigeria,0.9,0.0,2015.0,75000.0,0.0,2018.0,10.0,4.0,2.0,1.0,1,1,19
GreenTec Capital Partners,Nigeria,0.9,0.0,2017.0,0.0,0.0,2018.0,10.0,4.0,2.0,1.0,10,1,19
Alphabit Fund,South Africa,0.9,1.0,2015.0,3920000.0,0.0,2018.0,10.0,4.0,2.0,1.0,1,1,23
Global Innovation Fund,Uganda,0.9,1.0,2014.0,20000.0,0.0,2018.0,10.0,4.0,2.0,1.0,12,2,26
RippleWorks,Zambia,0.9,0.0,2009.0,19500000.0,0.0,2018.0,10.0,4.0,2.0,1.0,1,17,29
Ventures Platform,Nigeria,0.9,0.0,2018.0,210000.0,0.0,2018.0,10.0,4.0,2.0,1.0,1,13,19
Trace,Mauritius,1.0,0.0,2015.0,3100000.0,0.0,2018.0,10.0,4.0,2.0,1.0,5,18,15
SAB Foundation,South Africa,0.9,1.0,2015.0,890000.0,0.0,2018.0,10.0,4.0,2.0,1.0,7,2,23
HAVAIC,South Africa,0.9,0.0,2014.0,0.0,0.0,2018.0,10.0,4.0,2.0,1.0,7,1,23
Yellowwoods,South Africa,0.9,0.0,2015.0,0.0,0.0,2018.0,10.0,4.0,2.0,1.0,1,1,23
Undisclosed,Egypt,0.9,1.0,2017.0,200000.0,0.0,2018.0,10.0,4.0,2.0,1.0,10,12,5
Greenlight Reinsurance,South Africa,0.9,0.0,2016.0,0.0,0.0,2018.0,10.0,4.0,2.0,1.0,1,3,23
SOSV,Rwanda,0.9,0.0,2015.0,131000.0,0.0,2018.0,10.0,4.0,2.0,1.0,10,1,20
GreenTec Capital Partners,Namibia,0.9,0.0,2015.0,0.0,0.0,2018.0,10.0,4.0,2.0,1.0,6,1,18
Nexus Ventures,South Africa,0.9,0.0,2017.0,0.0,0.0,2018.0,10.0,4.0,2.0,1.0,1,1,23
Department for International Development (DFID),South Africa,0.9,1.0,2018.0,1400000.0,0.0,2018.0,10.0,4.0,2.0,1.0,8,2,23
Mastercard Foundation Fund for Rural Prosperity,Kenya,0.9,1.0,2015.0,1600000.0,0.0,2018.0,10.0,4.0,2.0,1.0,14,2,10
Mastercard Foundation Fund for Rural Prosperity,Ghana,0.9,1.0,2012.0,742000.0,0.0,2018.0,10.0,4.0,2.0,1.0,14,2,8
Microtraction,Nigeria,0.9,1.0,2016.0,15000.0,0.0,2018.0,10.0,4.0,2.0,1.0,1,1,19
"LUN Partners Group, Goodwell Investments, FSD Africa, Equator Capital Partners",South Africa,0.9,1.0,2010.0,14000000.0,0.0,2018.0,10.0,4.0,2.0,4.0,1,6,23
500 Startups,Nigeria,0.9,1.0,2016.0,620000.0,0.0,2018.0,10.0,4.0,2.0,1.0,14,1,19
GSMA Ecosystem Accelerator,Kenya,0.9,0.0,2011.0,0.0,0.0,2018.0,11.0,4.0,2.0,1.0,3,2,10
GSMA Ecosystem Accelerator,Cameroon,0.9,0.0,2013.0,0.0,0.0,2018.0,11.0,4.0,2.0,1.0,12,2,4
GSMA Ecosystem Accelerator,Benin,0.9,0.0,2016.0,0.0,0.0,2018.0,11.0,4.0,2.0,1.0,12,2,2
Undisclosed,Rwanda,0.9,0.0,2018.0,0.0,0.0,2018.0,11.0,4.0,2.0,1.0,5,12,20
Skywell Capital,South Africa,0.9,1.0,2017.0,4300000.0,0.0,2018.0,11.0,4.0,2.0,1.0,1,1,23
Id4 ventures,Ivory Coast,0.9,1.0,2012.0,1069000.0,0.0,2018.0,11.0,4.0,2.0,1.0,5,1,9
Undisclosed,Mauritius,0.9,1.0,2013.0,167000.0,0.0,2018.0,11.0,4.0,2.0,1.0,8,1,15
"Chinook Capital, Co-creation Hub Nigeria",Nigeria,0.9,1.0,2016.0,191500.0,0.0,2018.0,11.0,4.0,2.0,2.0,3,1,19
500 Startups,Nigeria,0.9,1.0,2016.0,620000.0,0.0,2018.0,11.0,4.0,2.0,1.0,14,1,19
GreenTec Capital Partners,Kenya,0.9,0.0,2015.0,0.0,0.0,2018.0,11.0,4.0,2.0,1.0,16,1,10
Knife Capital,South Africa,0.9,0.0,2015.0,0.0,0.0,2018.0,11.0,4.0,2.0,1.0,12,3,23
Ingressive Capital,Nigeria,0.9,0.0,2017.0,0.0,0.0,2018.0,11.0,4.0,2.0,1.0,10,12,19
"EchoVC Partners, Kima Ventures, Founders Factory, Burda Principle Investments, First Minute Capital",Kenya,0.9,1.0,2014.0,2510000.0,0.0,2018.0,11.0,4.0,2.0,5.0,3,1,10
GreenTec Capital Partners,Kenya,0.9,0.0,2015.0,250000.0,0.0,2018.0,11.0,4.0,2.0,1.0,2,1,10
Draper Richards Kaplan Foundation,Ghana,0.9,1.0,2016.0,420000.0,0.0,2018.0,11.0,4.0,2.0,1.0,14,1,8
Undisclosed,Nigeria,0.9,1.0,2018.0,1400.0,0.0,2018.0,11.0,4.0,2.0,1.0,6,12,19
Sompo Holdings,Kenya,0.9,1.0,2013.0,14970000.0,0.0,2018.0,11.0,4.0,2.0,1.0,1,6,10
Trace,Mauritius,0.9,0.0,2015.0,3100000.0,0.0,2018.0,11.0,4.0,2.0,1.0,5,17,15
"International Finance Corporation, 1776 Ventures, Wamda Capital, TLcom Capital Partners, DOB Equity",Kenya,0.9,1.0,2013.0,40350000.0,0.0,2018.0,11.0,4.0,2.0,5.0,5,6,10
Endure Capital,Egypt,0.9,1.0,2017.0,700000.0,0.0,2018.0,11.0,4.0,2.0,1.0,5,1,5
"Kalon Venture Partners, Compass Capital",South Africa,0.9,1.0,2016.0,563000.0,0.0,2018.0,11.0,4.0,2.0,2.0,1,1,23
Fall Armyworm Tech Prize,Kenya,0.9,1.0,2016.0,150000.0,0.0,2018.0,11.0,4.0,2.0,1.0,14,2,10
Genesys Tech Hub,Nigeria,0.9,1.0,2018.0,15000.0,0.0,2018.0,11.0,4.0,2.0,1.0,8,1,19
Fall Armyworm Tech Prize,Ghana,0.9,1.0,2013.0,50000.0,0.0,2018.0,11.0,4.0,2.0,1.0,6,2,8
Fall Armyworm Tech Prize,Nigeria,0.9,1.0,2010.0,50000.0,0.0,2018.0,11.0,4.0,2.0,1.0,6,2,19
Fall Armyworm Tech Prize,Ghana,0.9,1.0,2012.0,742000.0,0.0,2018.0,11.0,4.0,2.0,1.0,14,2,8
HIMAngel,Egypt,0.9,1.0,2016.0,100000.0,0.0,2018.0,11.0,4.0,2.0,1.0,4,1,5
Fall Armyworm Tech Prize,Uganda,0.9,1.0,2014.0,75000.0,0.0,2018.0,11.0,4.0,2.0,1.0,14,2,26
IBM,South Africa,0.9,1.0,2018.0,34000.0,0.0,2018.0,11.0,4.0,2.0,1.0,8,2,23
"BECO Capital, Raed Ventures, Silicon Badia, Arzan Venture Capital",Egypt,0.9,1.0,2017.0,80500000.0,0.0,2018.0,11.0,4.0,2.0,4.0,10,6,5
Gray Matters Capital,Nigeria,0.9,1.0,2015.0,250000.0,0.0,2018.0,11.0,4.0,2.0,1.0,12,1,19
"Justin Drennan, Frederik Gerner, Bas Hochstenbach",South Africa,0.9,1.0,2017.0,70000.0,0.0,2018.0,11.0,4.0,2.0,3.0,3,1,23
European Investment Bank (EIB),Kenya,0.9,1.0,1999.0,40000000.0,0.0,2018.0,11.0,4.0,2.0,1.0,13,5,10
Flat6Labs,Cameroon,0.9,1.0,2018.0,51000.0,0.0,2018.0,11.0,4.0,2.0,1.0,4,1,4
Optimizer Foundation,Rwanda,0.9,1.0,2016.0,150000.0,0.0,2018.0,11.0,4.0,2.0,1.0,5,1,20
Optimizer Foundation,Kenya,0.9,1.0,2013.0,100000.0,0.0,2018.0,11.0,4.0,2.0,1.0,3,1,10
Motorola Solutions Foundation,Kenya,0.9,0.0,2010.0,0.0,0.0,2018.0,11.0,4.0,2.0,1.0,3,2,10
GreenTec Capital Partners,Ivory Coast,0.9,0.0,2017.0,0.0,0.0,2018.0,11.0,4.0,2.0,1.0,8,1,9
Smartcall,South Africa,0.9,1.0,2016.0,720000.0,0.0,2018.0,11.0,4.0,2.0,1.0,4,1,23
Google Impact Challenge Nigeria,Nigeria,0.9,1.0,2013.0,250000.0,0.0,2018.0,11.0,4.0,2.0,1.0,12,2,19
Google Impact Challenge Kenya,Kenya,0.9,1.0,2015.0,250000.0,0.0,2018.0,11.0,4.0,2.0,1.0,14,2,10
Undisclosed,Rwanda,0.9,1.0,2017.0,150000.0,0.0,2018.0,11.0,4.0,2.0,1.0,10,1,20
Google Impact Challenge Nigeria,Nigeria,0.9,1.0,2015.0,165000.0,0.0,2018.0,11.0,4.0,2.0,1.0,3,2,19
Google Impact Challenge Kenya,Kenya,0.9,1.0,2016.0,125000.0,0.0,2018.0,11.0,4.0,2.0,1.0,3,2,10
Google Impact Challenge Kenya,Kenya,0.9,1.0,2016.0,125000.0,0.0,2018.0,11.0,4.0,2.0,1.0,14,2,10
Google Impact Challenge Nigeria,Nigeria,0.9,1.0,2018.0,125000.0,0.0,2018.0,11.0,4.0,2.0,1.0,9,2,19
Itanna Accelerator,Nigeria,0.9,1.0,2015.0,75000.0,0.0,2018.0,11.0,4.0,2.0,1.0,1,1,19
Itanna Accelerator,Nigeria,0.9,1.0,2017.0,25000.0,0.0,2018.0,11.0,4.0,2.0,1.0,1,1,19
Itanna Accelerator,Nigeria,0.9,1.0,2017.0,25000.0,0.0,2018.0,11.0,4.0,2.0,1.0,22,1,19
Itanna Accelerator,Nigeria,0.9,1.0,2018.0,25000.0,0.0,2018.0,11.0,4.0,2.0,1.0,5,1,19
Undisclosed,Nigeria,0.9,1.0,2018.0,10000.0,0.0,2018.0,12.0,4.0,2.0,1.0,4,12,19
Shenai Bridglall,South Africa,0.9,1.0,2018.0,2132.0,0.0,2018.0,12.0,4.0,2.0,1.0,5,12,23
Undisclosed,Nigeria,0.9,1.0,2018.0,3424.0,0.0,2018.0,12.0,4.0,2.0,1.0,6,12,19
"Battery Road Digital Holdings, Algebra Ventures",Egypt,0.9,1.0,2017.0,6909000.0,0.0,2018.0,12.0,4.0,2.0,2.0,10,3,5
"Yellowwoods, Hollard Insurance",South Africa,0.9,1.0,2016.0,3600000.0,0.0,2018.0,12.0,4.0,2.0,2.0,1,3,23
Kuramo Capital,Kenya,0.9,0.0,2016.0,550000.0,0.0,2018.0,12.0,4.0,2.0,1.0,1,3,10
Vision Ventures,Egypt,0.9,0.0,2016.0,417000.0,0.0,2018.0,12.0,4.0,2.0,1.0,10,1,5
"Nedbank, Sanari Capital, Convergence Partners",South Africa,0.9,1.0,2012.0,4000000.0,0.0,2018.0,12.0,4.0,2.0,3.0,6,3,23
"International Finance Corporation, Y Combinator, TLcom Capital Partners",Nigeria,0.9,1.0,2017.0,37320000.0,0.0,2018.0,12.0,4.0,2.0,3.0,10,3,19
International Finance Corporation,Egypt,0.9,1.0,2012.0,23500000.0,0.0,2018.0,12.0,4.0,2.0,1.0,12,8,5
Technology Innovation Agency,South Africa,0.9,1.0,2015.0,152000.0,0.0,2018.0,12.0,4.0,2.0,1.0,6,2,23
Technology Innovation Agency,South Africa,0.9,1.0,2012.0,41000.0,0.0,2018.0,12.0,4.0,2.0,1.0,12,2,23
"Averroes Ventures, Egypt Ventures, 500 Startups, Endure Capital, Alex Angels",Egypt,0.9,1.0,2014.0,2150000.0,0.0,2018.0,12.0,4.0,2.0,5.0,12,1,5
UNICEF Innovation Fund,Tunisia,0.9,1.0,2013.0,100000.0,0.0,2018.0,12.0,4.0,2.0,1.0,6,2,25
Y Combinator,Tanzania,0.9,1.0,2017.0,420000.0,0.0,2018.0,12.0,4.0,2.0,1.0,1,1,24
TechCrunch Startup Battlefield Africa,Uganda,0.9,1.0,2017.0,75000.0,0.0,2018.0,12.0,4.0,2.0,1.0,12,2,26
Odey Asset Management,South Africa,0.9,1.0,2014.0,91700000.0,0.0,2018.0,12.0,4.0,2.0,1.0,1,6,23
Omar Barakat,Egypt,0.9,1.0,2018.0,180000.0,0.0,2018.0,12.0,4.0,2.0,1.0,6,1,5
African Entrepreneurship Award,Namibia,0.9,1.0,2013.0,150000.0,0.0,2018.0,12.0,4.0,2.0,1.0,3,2,18
African Entrepreneurship Award,Senegal,0.9,1.0,2018.0,100000.0,0.0,2018.0,12.0,4.0,2.0,1.0,5,2,21
African Entrepreneurship Award,Uganda,0.9,1.0,2016.0,100000.0,0.0,2018.0,12.0,4.0,2.0,1.0,10,2,26
Undisclosed,Nigeria,0.9,1.0,2018.0,560000.0,0.0,2018.0,12.0,4.0,2.0,1.0,10,1,19
African Entrepreneurship Award,France,0.9,1.0,2017.0,25000.0,1.0,2018.0,12.0,4.0,2.0,1.0,12,2,7
African Entrepreneurship Award,Ghana,0.9,1.0,2017.0,25000.0,0.0,2018.0,12.0,4.0,2.0,1.0,3,2,8
"ISAI,  Seventure Partners",Tunisia,0.9,1.0,2014.0,4500000.0,0.0,2018.0,12.0,4.0,2.0,2.0,1,3,25
"AHL Venture Partners, Small Foundation , Jordan Engineering",Zambia,0.9,1.0,2010.0,2170000.0,0.0,2018.0,12.0,4.0,2.0,3.0,14,1,29
"GSMA Ecosystem Accelerator, Seedstars",Ghana,0.9,1.0,2016.0,1150000.0,0.0,2018.0,12.0,4.0,2.0,2.0,14,1,8
Fintec Ventures,South Africa,0.9,1.0,2015.0,6397000.0,0.0,2018.0,12.0,4.0,2.0,1.0,1,6,23
Absa Bank,South Africa,0.9,1.0,2015.0,6397000.0,0.0,2018.0,12.0,4.0,2.0,1.0,1,2,23
Undisclosed,Ethiopia,0.9,1.0,2016.0,126480.0,0.0,2018.0,12.0,4.0,2.0,1.0,8,2,6
Undisclosed,Ethiopia,0.9,1.0,2012.0,200000.0,0.0,2018.0,12.0,4.0,2.0,1.0,19,2,6
Undisclosed,South Africa,0.9,0.0,2016.0,0.0,0.0,2018.0,12.0,4.0,2.0,1.0,7,1,23
Undisclosed,Tanzania,0.9,1.0,2016.0,2400000.0,0.0,2018.0,12.0,4.0,2.0,1.0,6,3,24
Undisclosed,Nigeria,0.9,1.0,2018.0,2777.0,0.0,2018.0,12.0,4.0,2.0,1.0,18,12,19
Pernod Ricard,Nigeria,0.9,1.0,2012.0,885400000.0,0.0,2018.0,12.0,4.0,2.0,1.0,5,18,19
Kairos,Nigeria,0.9,1.0,2017.0,185000.0,0.0,2018.0,12.0,4.0,2.0,1.0,1,1,19
Mastercard Foundation Fund for Rural Prosperity,Kenya,0.9,1.0,2014.0,1158000.0,0.0,2018.0,12.0,4.0,2.0,1.0,14,2,10
LSE Generate,Uganda,0.9,1.0,2017.0,255000.0,0.0,2018.0,12.0,4.0,2.0,1.0,1,12,26
The Carlyle Group,Nigeria,0.9,1.0,2008.0,40000000.0,0.0,2018.0,12.0,4.0,2.0,1.0,15,9,19
Villgro Kenya,Kenya,0.9,1.0,2016.0,40000.0,0.0,2018.0,12.0,4.0,2.0,1.0,12,2,10
Villgro Kenya,Kenya,0.9,1.0,2018.0,100000.0,0.0,2018.0,12.0,4.0,2.0,1.0,1,2,10
